time,v_c_0,v_c_1,v_c_2,v_c_3,v_c_4,v_c_5
6.9141387939453125e-06,0.0,0.0,0.0,0.0,0.0,0.0
0.010146141052246094,0.0,0.0,0.0,0.0,0.0,0.0
0.02060246467590332,0.0,0.0,0.0,0.0,0.0,0.0
0.03014373779296875,0.0,0.0,0.0,0.0,0.0,0.0
0.04007387161254883,0.0,0.0,-0.058905582364776915,0.0,0.0,0.0
0.050099849700927734,0.0,0.0,-0.05889477424784543,0.0,0.0,0.0
0.06013965606689453,0.0,0.0,-0.05889477424784543,0.0,0.0,0.0
0.07020449638366699,0.0,0.0,-0.05889477424784543,0.0,0.0,0.0
0.0802004337310791,0.0,0.0,-0.05889477424784543,0.0,0.0,0.0
0.09023380279541016,0.0,0.0,-0.05922738004140371,0.0,0.0,0.0
0.10019350051879883,0.0,0.0,-0.05922738004140371,0.0,0.0,0.0
0.11020612716674805,0.0,0.0,-0.05922738004140371,0.0,0.0,0.0
0.12154722213745117,0.0,0.0,-0.059419716413044145,0.0,0.0,0.0
0.13022756576538086,0.0,0.0,-0.059419716413044145,0.0,0.0,0.0
0.1401960849761963,0.0,0.0,-0.059419716413044145,0.0,0.0,0.0
0.15020322799682617,0.0,0.0,-0.059419716413044145,0.0,0.0,0.0
0.1602165699005127,0.0,0.0,-0.0590901162303855,0.0,0.0,0.0
0.1702132225036621,0.0,0.0,-0.0590901162303855,0.0,0.0,0.0
0.18018317222595215,0.0,0.0,-0.0590901162303855,0.0,0.0,0.0
0.19023847579956055,0.0,0.0,-0.059068773088681324,0.0,0.0,0.0
0.2002251148223877,0.0,0.0,-0.059068773088681324,0.0,0.0,0.0
0.2102210521697998,0.0,0.0,-0.059068773088681324,0.0,0.0,0.0
0.2202150821685791,0.0,0.0,-0.059068773088681324,0.0,0.0,0.0
0.23021507263183594,0.0,0.0,-0.05891482319551467,0.0,0.0,0.0
0.24023842811584473,0.0,0.0,-0.05891482319551467,0.0,0.0,0.0
0.250199556350708,0.0,0.0,-0.05891482319551467,0.0,0.0,0.0
0.26019811630249023,0.0,0.0,-0.057394517800847304,0.0,0.0,0.0
0.2702040672302246,0.0,0.0,-0.057394517800847304,0.0,0.0,0.0
0.2802143096923828,0.0,0.0,-0.057394517800847304,0.0,0.0,0.0
0.29021406173706055,0.0,0.0,-0.057394517800847304,0.0,0.0,0.0
0.3002595901489258,0.0,0.0,-0.05507995185950423,0.0,0.0,0.0
0.31020212173461914,0.0,0.0,-0.05507995185950423,0.0,0.0,0.0
0.32013750076293945,0.0,0.0,-0.05507995185950423,0.0,0.0,0.0
0.3300604820251465,0.0,0.0,-0.05507995185950423,0.0,0.0,0.0
0.3400571346282959,0.0,0.0,-0.05052796954334343,0.0,0.0,0.0
0.350048303604126,0.0,0.0,-0.05052796954334343,0.0,0.0,0.0
0.36005353927612305,0.0,0.0,-0.05052796954334343,0.0,0.0,0.0
0.37004899978637695,0.0,0.0,-0.05052796954334343,0.0,0.0,0.0
0.3800487518310547,0.0,0.0,-0.05052796954334343,0.0,0.0,0.0
0.39005446434020996,0.0,0.0,-0.04925553160887307,0.0,0.0,0.0
0.4000551700592041,0.0,0.0,-0.04925553160887307,0.0,0.0,0.0
0.4100513458251953,0.0,0.0,-0.04925553160887307,0.0,0.0,0.0
0.42004919052124023,0.0,0.0,-0.04925553160887307,0.0,0.0,0.0
0.4300544261932373,0.0,0.0,-0.050197325387228375,0.0,0.0,0.0
0.4400620460510254,0.0,0.0,-0.050197325387228375,0.0,0.0,0.0
0.45006418228149414,0.0,0.0,-0.050197325387228375,0.0,0.0,0.0
0.46006131172180176,0.0,0.0,-0.050197325387228375,0.0,0.0,0.0
0.4700479507446289,0.0,0.0,-0.050197325387228375,0.0,0.0,0.0
0.48010849952697754,0.0,0.0,-0.04762242476386669,0.0,0.0,0.0
0.49010491371154785,0.0,0.0,-0.04762242476386669,0.0,0.0,0.0
0.50010085105896,0.0,0.0,-0.048257280986103906,0.0,0.0,0.0
0.5101053714752197,0.0,0.0,-0.048257280986103906,0.0,0.0,0.0
0.5200862884521484,0.0,0.0,-0.048257280986103906,0.0,0.0,0.0
0.5301263332366943,0.0,0.0,-0.048257280986103906,0.0,0.0,0.0
0.54007887840271,0.0,0.0,-0.04812340494794067,0.0,0.0,0.0
0.5500860214233398,0.0,0.0,-0.04812340494794067,0.0,0.0,0.0
0.5600919723510742,0.0,0.0,-0.04812340494794067,0.0,0.0,0.0
0.5700786113739014,0.0,0.0,-0.04812340494794067,0.0,0.0,0.0
0.5800929069519043,0.0,0.0,-0.04773663156601897,0.0,0.0,0.0
0.5900733470916748,0.0,0.0,-0.04773663156601897,0.0,0.0,0.0
0.600074291229248,0.0,0.0,-0.04773663156601897,0.0,0.0,0.0
0.6101078987121582,0.0,0.0,-0.04773663156601897,0.0,0.0,0.0
0.6200661659240723,0.0,0.0,-0.04773663156601897,0.0,0.0,0.0
0.6300537586212158,0.0,0.0,-0.04534193637670638,0.0,0.0,0.0
0.6400513648986816,0.0,0.0,-0.04534193637670638,0.0,0.0,0.0
0.6500539779663086,0.0,0.0,-0.04534193637670638,0.0,0.0,0.0
0.6600539684295654,0.0,0.0,-0.04534193637670638,0.0,0.0,0.0
0.6700518131256104,0.0,0.0,-0.04534193637670638,0.0,0.0,0.0
0.6800537109375,0.0,0.0,-0.04794220499697089,0.0,0.0,0.0
0.690065860748291,0.0,0.0,-0.04794220499697089,0.0,0.0,0.0
0.7000579833984375,0.0,0.0,-0.04794220499697089,0.0,0.0,0.0
0.710054874420166,0.0,0.0,-0.04794220499697089,0.0,0.0,0.0
0.7200546264648438,0.0,0.0,-0.04806835903179528,0.0,0.0,0.0
0.7300527095794678,0.0,0.0,-0.04806835903179528,0.0,0.0,0.0
0.7400548458099365,0.0,0.0,-0.04729670100244834,0.0,0.0,0.0
0.7500486373901367,0.0,0.0,-0.04729670100244834,0.0,0.0,0.0
0.7600538730621338,0.0,0.0,-0.04729670100244834,0.0,0.0,0.0
0.7700529098510742,0.0,0.0,-0.04729670100244834,0.0,0.0,0.0
0.7800502777099609,0.0,0.0,-0.04773360441300399,0.0,0.0,0.0
0.7900505065917969,0.0,0.0,-0.04773360441300399,0.0,0.0,0.0
0.8000459671020508,0.0,0.0,-0.04773360441300399,0.0,0.0,0.0
0.8100545406341553,0.0,0.0,-0.04773360441300399,0.0,0.0,0.0
0.8200581073760986,0.0,0.0,-0.04857697041092269,0.0,0.0,0.0
0.8300774097442627,0.0,0.0,-0.04857697041092269,0.0,0.0,0.0
0.8400638103485107,0.0,0.0,-0.04857697041092269,0.0,0.0,0.0
0.8500497341156006,0.0,0.0,-0.04857697041092269,0.0,0.0,0.0
0.8600521087646484,0.0,0.0,-0.046552311789300554,0.0,0.0,0.0
0.8700480461120605,0.0,0.0,-0.046552311789300554,0.0,0.0,0.0
0.8800516128540039,0.0,0.0,-0.046552311789300554,0.0,0.0,0.0
0.8900518417358398,0.0,0.0,-0.046552311789300554,0.0,0.0,0.0
0.900052547454834,0.0,0.0,-0.046552311789300554,0.0,0.0,0.0
0.910050630569458,0.0,0.0,-0.04519332651843687,0.0,0.0,0.0
0.9200501441955566,0.0,0.0,-0.04519332651843687,0.0,0.0,0.0
0.9300498962402344,0.0,0.0,-0.04519332651843687,0.0,0.0,0.0
0.9400548934936523,0.0,0.0,-0.04519332651843687,0.0,0.0,0.0
0.9500529766082764,0.0,0.0,-0.048368724369532545,0.0,0.0,0.0
0.9600512981414795,0.0,0.0,-0.048368724369532545,0.0,0.0,0.0
0.9700767993927002,0.0,0.0,-0.048368724369532545,0.0,0.0,0.0
0.9800724983215332,0.0,0.0,-0.048368724369532545,0.0,0.0,0.0
0.9901156425476074,0.0,0.0,-0.048368724369532545,0.0,0.0,0.0
1.000128984451294,0.0,0.0,-0.047354208374260784,0.0,0.0,0.0
1.0101613998413086,0.0,0.0,-0.04658063948706971,0.0,0.0,0.0
1.0201094150543213,0.0,0.0,-0.04658063948706971,0.0,0.0,0.0
1.0301508903503418,0.0,0.0,-0.04658063948706971,0.0,0.0,0.0
1.0400919914245605,0.0,0.0,-0.04658063948706971,0.0,0.0,0.0
1.0500996112823486,0.0,0.0,-0.0475531020859757,0.0,0.0,0.0
1.0600674152374268,0.0,0.0,-0.0475531020859757,0.0,0.0,0.0
1.0700526237487793,0.0,0.0,-0.0475531020859757,0.0,0.0,0.0
1.080064058303833,0.0,0.0,-0.0475531020859757,0.0,0.0,0.0
1.0900635719299316,0.0,0.0,-0.0475531020859757,0.0,0.0,0.0
1.100074052810669,0.0,0.0,-0.04822194655761677,0.0,0.0,0.0
1.1100804805755615,0.0,0.0,-0.04822194655761677,0.0,0.0,0.0
1.1200628280639648,0.0,0.0,-0.04822194655761677,0.0,0.0,0.0
1.130089521408081,0.0,0.0,-0.04822194655761677,0.0,0.0,0.0
1.1400771141052246,0.0,0.0,-0.04643896105850911,0.0,0.0,0.0
1.1500661373138428,0.0,0.0,-0.04643896105850911,0.0,0.0,0.0
1.1600706577301025,0.0,0.0,-0.04643896105850911,0.0,0.0,0.0
1.170067548751831,0.0,0.0,-0.04643896105850911,0.0,0.0,0.0
1.1800792217254639,0.0,0.0,-0.04643896105850911,0.0,0.0,0.0
1.1900627613067627,0.0,0.0,-0.047492594468394114,0.0,0.0,0.0
1.2000622749328613,0.0,0.0,-0.047492594468394114,0.0,0.0,0.0
1.2100632190704346,0.0,0.0,-0.047492594468394114,0.0,0.0,0.0
1.2200703620910645,0.0,0.0,-0.047492594468394114,0.0,0.0,0.0
1.2300865650177002,0.0,0.0,-0.047492594468394114,0.0,0.0,0.0
1.2400593757629395,0.0,0.0,-0.0484028516587013,0.0,0.0,0.0
1.2500603199005127,0.0,0.0,-0.046659324912820654,0.0,0.0,0.0
1.2600607872009277,0.0,0.0,-0.046659324912820654,0.0,0.0,0.0
1.27006196975708,0.0,0.0,-0.046659324912820654,0.0,0.0,0.0
1.2800745964050293,0.0,0.0,-0.046659324912820654,0.0,0.0,0.0
1.2900724411010742,0.0,0.0,-0.046659324912820654,0.0,0.0,0.0
1.3000774383544922,0.0,0.0,-0.04679165003996728,0.0,0.0,0.0
1.3100666999816895,0.0,0.0,-0.04679165003996728,0.0,0.0,0.0
1.3200595378875732,0.0,0.0,-0.04679165003996728,0.0,0.0,0.0
1.3300578594207764,0.0,0.0,-0.04679165003996728,0.0,0.0,0.0
1.3400626182556152,0.0,0.0,-0.0481914925853648,0.0,0.0,0.0
1.3500645160675049,0.0,0.0,-0.0481914925853648,0.0,0.0,0.0
1.3600945472717285,0.0,0.0,-0.0481914925853648,0.0,0.0,0.0
1.3700664043426514,0.0,0.0,-0.0481914925853648,0.0,0.0,0.0
1.3800690174102783,0.0,0.0,-0.0481914925853648,0.0,0.0,0.0
1.3900682926177979,0.0,0.0,-0.04542543115713268,0.0,0.0,0.0
1.4000773429870605,0.0,0.0,-0.04542543115713268,0.0,0.0,0.0
1.4100689888000488,0.0,0.0,-0.04542543115713268,0.0,0.0,0.0
1.4200794696807861,0.0,0.0,-0.04542543115713268,0.0,0.0,0.0
1.430084466934204,0.0,0.0,-0.04542543115713268,0.0,0.0,0.0
1.4401569366455078,0.0,0.0,-0.045851938059266406,0.0,0.0,0.0
1.4501094818115234,0.0,0.0,-0.045851938059266406,0.0,0.0,0.0
1.4600765705108643,0.0,0.0,-0.04783685392016115,0.0,0.0,0.0
1.4700736999511719,0.0,0.0,-0.04783685392016115,0.0,0.0,0.0
1.4800784587860107,0.0,0.0,-0.04783685392016115,0.0,0.0,0.0
1.4900846481323242,0.0,0.0,-0.04783685392016115,0.0,0.0,0.0
1.5000710487365723,0.0,0.0,-0.04785487170615369,0.0,0.0,0.0
1.5100748538970947,0.0,0.0,-0.04785487170615369,0.0,0.0,0.0
1.5200681686401367,0.0,0.0,-0.04785487170615369,0.0,0.0,0.0
1.530057668685913,0.0,0.0,-0.04785487170615369,0.0,0.0,0.0
1.540060043334961,0.0,0.0,-0.04785487170615369,0.0,0.0,0.0
1.5500538349151611,0.0,0.0,-0.046476824084034786,0.0,0.0,0.0
1.5600712299346924,0.0,0.0,-0.046476824084034786,0.0,0.0,0.0
1.5700733661651611,0.0,0.0,-0.046476824084034786,0.0,0.0,0.0
1.58005952835083,0.0,0.0,-0.046476824084034786,0.0,0.0,0.0
1.590069055557251,0.0,0.0,-0.046476824084034786,0.0,0.0,0.0
1.6000697612762451,0.0,0.0,-0.04774766298712157,0.0,0.0,0.0
1.6100716590881348,0.0,0.0,-0.04774766298712157,0.0,0.0,0.0
1.6201374530792236,0.0,0.0,-0.04774766298712157,0.0,0.0,0.0
1.6300647258758545,0.0,0.0,-0.04774766298712157,0.0,0.0,0.0
1.6400642395019531,0.0,0.0,-0.04624212280123586,0.0,0.0,0.0
1.6500718593597412,0.0,0.0,-0.04624212280123586,0.0,0.0,0.0
1.6600632667541504,0.0,0.0,-0.044594996532862884,0.0,0.0,0.0
1.6700751781463623,0.0,0.0,-0.044594996532862884,0.0,0.0,0.0
1.680124044418335,0.0,0.0,-0.044594996532862884,0.0,0.0,0.0
1.6901421546936035,0.0,0.0,-0.044594996532862884,0.0,0.0,0.0
1.7000975608825684,0.0,0.0,-0.04608660016838741,0.0,0.0,0.0
1.710066318511963,0.0,0.0,-0.04608660016838741,0.0,0.0,0.0
1.7200682163238525,0.0,0.0,-0.04608660016838741,0.0,0.0,0.0
1.730057954788208,0.0,0.0,-0.04608660016838741,0.0,0.0,0.0
1.7400660514831543,0.0,0.0,-0.04608660016838741,0.0,0.0,0.0
1.750103235244751,0.0,0.0,-0.047242937238000215,0.0,0.0,0.0
1.7600715160369873,0.0,0.0,-0.047242937238000215,0.0,0.0,0.0
1.7700557708740234,0.0,0.0,-0.047242937238000215,0.0,0.0,0.0
1.7800614833831787,0.0,0.0,-0.047242937238000215,0.0,0.0,0.0
1.7900550365447998,0.0,0.0,-0.04706997856327276,0.0,0.0,0.0
1.800051212310791,0.0,0.0,-0.04706997856327276,0.0,0.0,0.0
1.8100531101226807,0.0,0.0,-0.04706997856327276,0.0,0.0,0.0
1.8200562000274658,0.0,0.0,-0.04706997856327276,0.0,0.0,0.0
1.8300597667694092,0.0,0.0,-0.04706997856327276,0.0,0.0,0.0
1.8400540351867676,0.0,0.0,-0.046904360051666115,0.0,0.0,0.0
1.8500561714172363,0.0,0.0,-0.046904360051666115,0.0,0.0,0.0
1.8600592613220215,0.0,0.0,-0.046904360051666115,0.0,0.0,0.0
1.8700594902038574,0.0,0.0,-0.046904360051666115,0.0,0.0,0.0
1.8800487518310547,0.0,0.0,-0.04698263781084931,0.0,0.0,0.0
1.890049695968628,0.0,0.0,-0.04698263781084931,0.0,0.0,0.0
1.9000515937805176,0.0,0.0,-0.045333396959667274,0.0,0.0,0.0
1.9100520610809326,0.0,0.0,-0.045333396959667274,0.0,0.0,0.0
1.920069932937622,0.0,0.0,-0.045333396959667274,0.0,0.0,0.0
1.930053472518921,0.0,0.0,-0.045333396959667274,0.0,0.0,0.0
1.9400525093078613,0.0,0.0,-0.04489218740733412,0.0,0.0,0.0
1.9500572681427002,0.0,0.0,-0.04489218740733412,0.0,0.0,0.0
1.960062026977539,0.0,0.0,-0.04489218740733412,0.0,0.0,0.0
1.970057725906372,0.0,0.0,-0.04489218740733412,0.0,0.0,0.0
1.980051040649414,0.0,0.0,-0.04489218740733412,0.0,0.0,0.0
1.990060567855835,0.0,0.0,-0.04702707866806132,0.0,0.0,0.0
2.000065565109253,0.0,0.0,-0.04702707866806132,0.0,0.0,0.0
2.010053873062134,0.0,0.0,-0.04702707866806132,0.0,0.0,0.0
2.0200648307800293,0.0,0.0,-0.04702707866806132,0.0,0.0,0.0
2.0300583839416504,0.0,0.0,-0.04759470060298427,0.0,0.0,0.0
2.040106773376465,0.0,0.0,-0.04759470060298427,0.0,0.0,0.0
2.0501160621643066,0.0,0.0,-0.04759470060298427,0.0,0.0,0.0
2.0600595474243164,0.0,0.0,-0.04759470060298427,0.0,0.0,0.0
2.0700488090515137,0.0,0.0,-0.04759470060298427,0.0,0.0,0.0
2.0800464153289795,0.0,0.0,-0.04664586208298669,0.0,0.0,0.0
2.090048313140869,0.0,0.0,-0.04664586208298669,0.0,0.0,0.0
2.100050687789917,0.0,0.0,-0.04664586208298669,0.0,0.0,0.0
2.1100504398345947,0.0,0.0,-0.04664586208298669,0.0,0.0,0.0
2.120046615600586,0.0,0.0,-0.04677190716557443,0.0,0.0,0.0
2.1300466060638428,0.0,0.0,-0.04677190716557443,0.0,0.0,0.0
2.1400539875030518,0.0,0.0,-0.04642662259956503,0.0,0.0,0.0
2.150050640106201,0.0,0.0,-0.04642662259956503,0.0,0.0,0.0
2.1600489616394043,0.0,0.0,-0.04642662259956503,0.0,0.0,0.0
2.17004656791687,0.0,0.0,-0.04642662259956503,0.0,0.0,0.0
2.180046558380127,0.0,0.0,-0.04399435068262922,0.0,0.0,0.0
2.190053939819336,0.0,0.0,-0.04399435068262922,0.0,0.0,0.0
2.2000694274902344,0.0,0.0,-0.04399435068262922,0.0,0.0,0.0
2.2100605964660645,0.0,0.0,-0.04399435068262922,0.0,0.0,0.0
2.2200517654418945,0.0,0.0,-0.04399435068262922,0.0,0.0,0.0
2.230046033859253,0.0,0.0,-0.04561084211096681,0.0,0.0,0.0
2.2400643825531006,0.0,0.0,-0.04561084211096681,0.0,0.0,0.0
2.250063419342041,0.0,0.0,-0.04561084211096681,0.0,0.0,0.0
2.260052442550659,0.0,0.0,-0.04561084211096681,0.0,0.0,0.0
2.2700724601745605,0.0,0.0,-0.047295016596142124,0.0,0.0,0.0
2.280067205429077,0.0,0.0,-0.047295016596142124,0.0,0.0,0.0
2.290053606033325,0.0,0.0,-0.047295016596142124,0.0,0.0,0.0
2.3000588417053223,0.0,0.0,-0.047295016596142124,0.0,0.0,0.0
2.3100571632385254,0.0,0.0,-0.047295016596142124,0.0,0.0,0.0
2.3200528621673584,0.0,0.0,-0.046672099909650884,0.0,0.0,0.0
2.3300487995147705,0.0,0.0,-0.046672099909650884,0.0,0.0,0.0
2.3400468826293945,0.0,0.0,-0.046672099909650884,0.0,0.0,0.0
2.3500492572784424,0.0,0.0,-0.046672099909650884,0.0,0.0,0.0
2.3600528240203857,0.0,0.0,-0.04748366744400002,0.0,0.0,0.0
2.370054006576538,0.0,0.0,-0.04748366744400002,0.0,0.0,0.0
2.380061388015747,0.0,0.0,-0.047633317965328104,0.0,0.0,0.0
2.3900492191314697,0.0,0.0,-0.047633317965328104,0.0,0.0,0.0
2.400050163269043,0.0,0.0,-0.047633317965328104,0.0,0.0,0.0
2.4100472927093506,0.0,0.0,-0.047633317965328104,0.0,0.0,0.0
2.4200615882873535,0.0,0.0,-0.04557336058569551,0.0,0.0,0.0
2.4300551414489746,0.0,0.0,-0.04557336058569551,0.0,0.0,0.0
2.440048933029175,0.0,0.0,-0.04557336058569551,0.0,0.0,0.0
2.450059175491333,0.0,0.0,-0.04557336058569551,0.0,0.0,0.0
2.460052013397217,0.0,0.0,-0.04557336058569551,0.0,0.0,0.0
2.47005033493042,0.0,0.0,-0.04300328542930184,0.0,0.0,0.0
2.4800491333007812,0.0,0.0,-0.04300328542930184,0.0,0.0,0.0
2.4900476932525635,0.0,0.0,-0.04300328542930184,0.0,0.0,0.0
2.500056028366089,0.0,0.0,-0.04300328542930184,0.0,0.0,0.0
2.510054349899292,0.0,0.0,-0.039573259744420435,0.0,0.0,0.0
2.5200510025024414,0.0,0.0,-0.039573259744420435,0.0,0.0,0.0
2.530050039291382,0.0,0.0,-0.039573259744420435,0.0,0.0,0.0
2.5400474071502686,0.0,0.0,-0.039573259744420435,0.0,0.0,0.0
2.5500497817993164,0.0,0.0,-0.039573259744420435,0.0,0.0,0.0
2.560070037841797,0.0,0.0,-0.02309517216713683,0.0,0.0,0.0
2.5701050758361816,0.0,0.0,-0.02309517216713683,0.0,0.0,0.0
2.5800812244415283,0.0,0.0,-0.02309517216713683,0.0,0.0,0.0
2.590121269226074,0.0,0.0,-0.02309517216713683,0.0,0.0,0.0
2.6000821590423584,0.0,0.0,-0.013424490374378038,0.0,0.0,0.0
2.610179901123047,0.0,0.0,-0.013424490374378038,0.0,0.0,0.0
2.6202170848846436,0.0,0.0,-0.0025290088563093517,0.0,0.0,0.0
2.630343198776245,0.0,0.0,-0.0025290088563093517,0.0,0.0,0.0
2.640285015106201,0.0,0.0,-0.0025290088563093517,0.0,0.0,0.0
2.650362253189087,0.0,0.0,-0.0025290088563093517,0.0,0.0,0.0
2.6607298851013184,0.0,0.0,0.00017397785352813778,0.0,0.0,0.0
2.6703531742095947,0.0,0.0,0.00017397785352813778,0.0,0.0,0.0
2.680419445037842,0.0,0.0,0.00017397785352813778,0.0,0.0,0.0
2.6903557777404785,0.0,0.0,0.00017397785352813778,0.0,0.0,0.0
2.7003438472747803,0.0,0.0,0.00017397785352813778,0.0,0.0,0.0
2.7104287147521973,0.0,0.0,0.0029311285859597723,0.0,0.0,0.0
2.7204196453094482,0.0,0.0,0.0029311285859597723,0.0,0.0,0.0
2.73037052154541,0.0,0.0,0.0029311285859597723,0.0,0.0,0.0
2.7403576374053955,0.0,0.0,0.0029311285859597723,0.0,0.0,0.0
2.75036883354187,0.0,0.0,0.0010654677365025656,0.0,0.0,0.0
2.7603559494018555,0.0,0.0,0.0010654677365025656,0.0,0.0,0.0
2.7703676223754883,0.0,0.0,0.0010654677365025656,0.0,0.0,0.0
2.780350685119629,0.0,0.0,0.0010654677365025656,0.0,0.0,0.0
2.790360689163208,0.0,0.0,0.0010654677365025656,0.0,0.0,0.0
2.800419569015503,0.0,0.0,-0.0039874552604050265,0.0,0.0,0.0
2.8103983402252197,0.0,0.0,-0.0039874552604050265,0.0,0.0,0.0
2.820424795150757,0.0,0.0,-0.0039874552604050265,0.0,0.0,0.0
2.830359935760498,0.0,0.0,-0.0039874552604050265,0.0,0.0,0.0
2.840358018875122,0.0,0.0,-0.0072532689178082515,0.0,0.0,0.0
2.8503594398498535,0.0,0.0,-0.0072532689178082515,0.0,0.0,0.0
2.8603334426879883,0.0,0.0,-0.004253550170286369,0.0,0.0,0.0
2.8703548908233643,0.0,0.0,-0.004253550170286369,0.0,0.0,0.0
2.8803224563598633,0.0,0.0,-0.004253550170286369,0.0,0.0,0.0
2.890364170074463,0.0,0.0,-0.004253550170286369,0.0,0.0,0.0
2.9004271030426025,0.0,0.0,-0.0010073052513121538,0.0,0.0,0.0
2.9103903770446777,0.0,0.0,-0.0010073052513121538,0.0,0.0,0.0
2.920336961746216,0.0,0.0,-0.0010073052513121538,0.0,0.0,0.0
2.9303271770477295,0.0,0.0,-0.0010073052513121538,0.0,0.0,0.0
2.940509796142578,0.0,0.0,0.0016514163997579524,0.0,0.0,0.0
2.9503118991851807,0.0,0.0,0.0016514163997579524,0.0,0.0,0.0
2.9602839946746826,0.0,0.0,0.0016514163997579524,0.0,0.0,0.0
2.9702308177948,0.0,0.0,0.0016514163997579524,0.0,0.0,0.0
2.980276107788086,0.0,0.0,0.0016514163997579524,0.0,0.0,0.0
2.9902148246765137,0.0,0.0,0.003557117686660476,0.0,0.0,0.0
3.0002102851867676,0.0,0.0,0.003557117686660476,0.0,0.0,0.0
3.0103302001953125,0.0,0.0,0.003557117686660476,0.0,0.0,0.0
3.020238161087036,0.0,0.0,0.003557117686660476,0.0,0.0,0.0
3.0302975177764893,0.0,0.0,-0.001236027936605808,0.0,0.0,0.0
3.0402586460113525,0.0,0.0,-0.001236027936605808,0.0,0.0,0.0
3.050163984298706,0.0,0.0,-0.001236027936605808,0.0,0.0,0.0
3.060197353363037,0.0,0.0,-0.001236027936605808,0.0,0.0,0.0
3.0703794956207275,0.0,0.0,-0.001236027936605808,0.0,0.0,0.0
3.0802783966064453,0.0,0.0,-0.004344257632750716,0.0,0.0,0.0
3.0903046131134033,0.0,0.0,-0.004344257632750716,0.0,0.0,0.0
3.100277900695801,0.0,0.0,-0.004567650696723336,0.0,0.0,0.0
3.1104023456573486,0.0,0.0,-0.004567650696723336,0.0,0.0,0.0
3.1203484535217285,0.0,0.0,-0.004567650696723336,0.0,0.0,0.0
3.1303980350494385,0.0,0.0,-0.004567650696723336,0.0,0.0,0.0
3.140334367752075,0.0,0.0,-0.002385971907201663,0.0,0.0,0.0
3.1503777503967285,0.0,0.0,-0.002385971907201663,0.0,0.0,0.0
3.160421848297119,0.0,0.0,-0.002385971907201663,0.0,0.0,0.0
3.1703805923461914,0.0,0.0,-0.002385971907201663,0.0,0.0,0.0
3.180346727371216,0.0,0.0,-0.002385971907201663,0.0,0.0,0.0
3.1903791427612305,0.0,0.0,0.0005635671656684327,0.0,0.0,0.0
3.200347900390625,0.0,0.0,0.0005635671656684327,0.0,0.0,0.0
3.2104153633117676,0.0,0.0,0.0005635671656684327,0.0,0.0,0.0
3.2204928398132324,0.0,0.0,0.0005635671656684327,0.0,0.0,0.0
3.2303693294525146,0.0,0.0,0.002984648038556719,0.0,0.0,0.0
3.240375518798828,0.0,0.0,0.002984648038556719,0.0,0.0,0.0
3.250375270843506,0.0,0.0,0.002984648038556719,0.0,0.0,0.0
3.260422468185425,0.0,0.0,0.002984648038556719,0.0,0.0,0.0
3.2703731060028076,0.0,0.0,0.002984648038556719,0.0,0.0,0.0
3.2803542613983154,0.0,0.0,0.00203099011031747,0.0,0.0,0.0
3.290379762649536,0.0,0.0,0.00203099011031747,0.0,0.0,0.0
3.3004322052001953,0.0,0.0,0.00203099011031747,0.0,0.0,0.0
3.3103933334350586,0.0,0.0,0.00203099011031747,0.0,0.0,0.0
3.3204782009124756,0.0,0.0,-0.0008578147601354491,0.0,0.0,0.0
3.3303606510162354,0.0,0.0,-0.0008578147601354491,0.0,0.0,0.0
3.340420722961426,0.0,0.0,-0.003728201070843742,0.0,0.0,0.0
3.350360155105591,0.0,0.0,-0.003728201070843742,0.0,0.0,0.0
3.3603765964508057,0.0,0.0,-0.003728201070843742,0.0,0.0,0.0
3.3703644275665283,0.0,0.0,-0.003728201070843742,0.0,0.0,0.0
3.3804283142089844,0.0,0.0,-0.00465530475935787,0.0,0.0,0.0
3.390413284301758,0.0,0.0,-0.00465530475935787,0.0,0.0,0.0
3.400428533554077,0.0,0.0,-0.00465530475935787,0.0,0.0,0.0
3.4104294776916504,0.0,0.0,-0.00465530475935787,0.0,0.0,0.0
3.4208552837371826,0.0,0.0,-0.0023536847037027454,0.0,0.0,0.0
3.430389165878296,0.0,0.0,-0.0023536847037027454,0.0,0.0,0.0
3.4404335021972656,0.0,0.0,-0.0023536847037027454,0.0,0.0,0.0
3.45036244392395,0.0,0.0,-0.0023536847037027454,0.0,0.0,0.0
3.460357427597046,0.0,0.0,-0.0023536847037027454,0.0,0.0,0.0
3.4703309535980225,0.0,0.0,0.0011331284159572786,0.0,0.0,0.0
3.4803335666656494,0.0,0.0,0.0011331284159572786,0.0,0.0,0.0
3.490363121032715,0.0,0.0,0.0011331284159572786,0.0,0.0,0.0
3.5004281997680664,0.0,0.0,0.0011331284159572786,0.0,0.0,0.0
3.5103886127471924,0.0,0.0,0.003899812145206498,0.0,0.0,0.0
3.520341157913208,0.0,0.0,0.003899812145206498,0.0,0.0,0.0
3.530360698699951,0.0,0.0,0.003899812145206498,0.0,0.0,0.0
3.5403642654418945,0.0,0.0,0.003899812145206498,0.0,0.0,0.0
3.5503733158111572,0.0,0.0,0.003899812145206498,0.0,0.0,0.0
3.560347557067871,0.0,0.0,0.003082201222200158,0.0,0.0,0.0
3.5703680515289307,0.0,0.0,-0.0003820105546341779,0.0,0.0,0.0
3.580441951751709,0.0,0.0,-0.0003820105546341779,0.0,0.0,0.0
3.5903613567352295,0.0,0.0,-0.0003820105546341779,0.0,0.0,0.0
3.6004273891448975,0.0,0.0,-0.0003820105546341779,0.0,0.0,0.0
3.610398054122925,0.0,0.0,-0.0003820105546341779,0.0,0.0,0.0
3.6214864253997803,0.0,0.0,-0.00275378038773618,0.0,0.0,0.0
3.6303658485412598,0.0,0.0,-0.00275378038773618,0.0,0.0,0.0
3.6404316425323486,0.0,0.0,-0.00275378038773618,0.0,0.0,0.0
3.650364637374878,0.0,0.0,-0.00275378038773618,0.0,0.0,0.0
3.660433292388916,0.0,0.0,-0.003903442289945973,0.0,0.0,0.0
3.670360565185547,0.0,0.0,-0.003903442289945973,0.0,0.0,0.0
3.6803650856018066,0.0,0.0,-0.003903442289945973,0.0,0.0,0.0
3.6903629302978516,0.0,0.0,-0.003903442289945973,0.0,0.0,0.0
3.70044207572937,0.0,0.0,-0.003903442289945973,0.0,0.0,0.0
3.710402011871338,0.0,0.0,-0.002674888943916951,0.0,0.0,0.0
3.7204368114471436,0.0,0.0,-0.002674888943916951,0.0,0.0,0.0
3.730362892150879,0.0,0.0,-0.002674888943916951,0.0,0.0,0.0
3.7402775287628174,0.0,0.0,-0.002674888943916951,0.0,0.0,0.0
3.750365972518921,0.0,0.0,0.0028535999243181377,0.0,0.0,0.0
3.7602970600128174,0.0,0.0,0.0028535999243181377,0.0,0.0,0.0
3.770376682281494,0.0,0.0,0.0028535999243181377,0.0,0.0,0.0
3.7803356647491455,0.0,0.0,0.0028535999243181377,0.0,0.0,0.0
3.790365695953369,0.0,0.0,0.0028535999243181377,0.0,0.0,0.0
3.8003673553466797,0.0,0.0,0.004962715398746145,0.0,0.0,0.0
3.8103280067443848,0.0,0.0,0.00381656273029372,0.0,0.0,0.0
3.8204431533813477,0.0,0.0,0.00381656273029372,0.0,0.0,0.0
3.8303563594818115,0.0,0.0,0.00381656273029372,0.0,0.0,0.0
3.8403618335723877,0.0,0.0,0.00381656273029372,0.0,0.0,0.0
3.8503835201263428,0.0,0.0,0.00381656273029372,0.0,0.0,0.0
3.8603596687316895,0.0,0.0,0.0,0.0,0.0,0.0
3.870361566543579,0.0,0.0,0.0,0.0,0.0,0.0
3.8803539276123047,0.0,0.0,0.0,0.0,0.0,0.0
3.890362501144409,0.0,0.0,0.0,0.0,0.0,0.0
3.900367021560669,0.0,0.0,-0.004496889839769436,0.0,0.0,0.0
3.9103965759277344,0.0,0.0,-0.004496889839769436,0.0,0.0,0.0
3.920319080352783,0.0,0.0,-0.004496889839769436,0.0,0.0,0.0
3.9303579330444336,0.0,0.0,-0.004496889839769436,0.0,0.0,0.0
3.9404594898223877,0.0,0.0,-0.004496889839769436,0.0,0.0,0.0
3.950369119644165,0.0,0.0,-0.0046646760442166715,0.0,0.0,0.0
3.9603307247161865,0.0,0.0,-0.0046646760442166715,0.0,0.0,0.0
3.970363140106201,0.0,0.0,-0.0046646760442166715,0.0,0.0,0.0
3.9803364276885986,0.0,0.0,-0.0046646760442166715,0.0,0.0,0.0
3.9902286529541016,0.0,0.0,-0.0046646760442166715,0.0,0.0,0.0
4.00023627281189,0.0,0.0,-0.0010932430540582594,0.0,0.0,0.0
4.010260581970215,0.0,0.0,-0.0010932430540582594,0.0,0.0,0.0
4.020269870758057,0.0,0.0,0.003344427904868068,0.0,0.0,0.0
4.030146837234497,0.0,0.0,0.003344427904868068,0.0,0.0,0.0
4.0400710105896,0.0,0.0,0.003344427904868068,0.0,0.0,0.0
4.050118684768677,0.0,0.0,0.003344427904868068,0.0,0.0,0.0
4.060182332992554,0.0,0.0,0.004039155098958789,0.0,0.0,0.0
4.0701904296875,0.0,0.0,0.004039155098958789,0.0,0.0,0.0
4.0801897048950195,0.0,0.0,0.004039155098958789,0.0,0.0,0.0
4.090185642242432,0.0,0.0,0.004039155098958789,0.0,0.0,0.0
4.100201606750488,0.0,0.0,0.0026124767677127903,0.0,0.0,0.0
4.110188245773315,0.0,0.0,0.0026124767677127903,0.0,0.0,0.0
4.120178699493408,0.0,0.0,0.0026124767677127903,0.0,0.0,0.0
4.130178928375244,0.0,0.0,0.0026124767677127903,0.0,0.0,0.0
4.140438556671143,0.0,0.0,-0.0010727903062562306,0.0,0.0,0.0
4.150167465209961,0.0,0.0,-0.0010727903062562306,0.0,0.0,0.0
4.160163164138794,0.0,0.0,-0.0010727903062562306,0.0,0.0,0.0
4.170180082321167,0.0,0.0,-0.0010727903062562306,0.0,0.0,0.0
4.180164098739624,0.0,0.0,-0.0010727903062562306,0.0,0.0,0.0
4.190192699432373,0.0,0.0,-0.005294697352492115,0.0,0.0,0.0
4.200343370437622,0.0,0.0,-0.005294697352492115,0.0,0.0,0.0
4.210416078567505,0.0,0.0,-0.005294697352492115,0.0,0.0,0.0
4.222963094711304,0.0,0.0,-0.005294697352492115,0.0,0.0,0.0
4.2302470207214355,0.0,0.0,-0.004612311952040597,0.0,0.0,0.0
4.240237712860107,0.0,0.0,-0.004612311952040597,0.0,0.0,0.0
4.250215291976929,0.0,0.0,-0.0020506798070302956,0.0,0.0,0.0
4.260228872299194,0.0,0.0,-0.0020506798070302956,0.0,0.0,0.0
4.2702226638793945,0.0,0.0,-0.0020506798070302956,0.0,0.0,0.0
4.280247449874878,0.0,0.0,-0.0020506798070302956,0.0,0.0,0.0
4.2902209758758545,0.0,0.0,-0.0020506798070302956,0.0,0.0,0.0
4.3002142906188965,0.0,0.0,0.0018870185612311463,0.0,0.0,0.0
4.31019401550293,0.0,0.0,0.0018870185612311463,0.0,0.0,0.0
4.320181846618652,0.0,0.0,0.0018870185612311463,0.0,0.0,0.0
4.330224990844727,0.0,0.0,0.0018870185612311463,0.0,0.0,0.0
4.340346097946167,0.0,0.0,0.004440868674262442,0.0,0.0,0.0
4.350203514099121,0.0,0.0,0.004440868674262442,0.0,0.0,0.0
4.36019229888916,0.0,0.0,0.004440868674262442,0.0,0.0,0.0
4.370187282562256,0.0,0.0,0.004440868674262442,0.0,0.0,0.0
4.380168676376343,0.0,0.0,0.004440868674262442,0.0,0.0,0.0
4.390256881713867,0.0,0.0,0.0045781207972062175,0.0,0.0,0.0
4.400215148925781,0.0,0.0,0.0045781207972062175,0.0,0.0,0.0
4.410217523574829,0.0,0.0,0.0045781207972062175,0.0,0.0,0.0
4.420206308364868,0.0,0.0,0.0045781207972062175,0.0,0.0,0.0
4.4302074909210205,0.0,0.0,-0.0026038078524621166,0.0,0.0,0.0
4.440203428268433,0.0,0.0,-0.0026038078524621166,0.0,0.0,0.0
4.4501965045928955,0.0,0.0,-0.0026038078524621166,0.0,0.0,0.0
4.460188150405884,0.0,0.0,-0.0026038078524621166,0.0,0.0,0.0
4.4701828956604,0.0,0.0,-0.0026038078524621166,0.0,0.0,0.0
4.4802162647247314,0.0,0.0,-0.006483653696158935,0.0,0.0,0.0
4.490206480026245,0.0,0.0,-0.006591556507510781,0.0,0.0,0.0
4.50020956993103,0.0,0.0,-0.006591556507510781,0.0,0.0,0.0
4.5101683139801025,0.0,0.0,-0.006591556507510781,0.0,0.0,0.0
4.520183086395264,0.0,0.0,-0.006591556507510781,0.0,0.0,0.0
4.530210971832275,0.0,0.0,-0.003106435313015261,0.0,0.0,0.0
4.540186405181885,0.0,0.0,-0.003106435313015261,0.0,0.0,0.0
4.550171613693237,0.0,0.0,-0.003106435313015261,0.0,0.0,0.0
4.560182571411133,0.0,0.0,-0.003106435313015261,0.0,0.0,0.0
4.57018780708313,0.0,0.0,-0.003106435313015261,0.0,0.0,0.0
4.580181837081909,0.0,0.0,0.0017432180277823762,0.0,0.0,0.0
4.5902369022369385,0.0,0.0,0.0017432180277823762,0.0,0.0,0.0
4.6001808643341064,0.0,0.0,0.0017432180277823762,0.0,0.0,0.0
4.610198497772217,0.0,0.0,0.0017432180277823762,0.0,0.0,0.0
4.620293855667114,0.0,0.0,0.005916628714604953,0.0,0.0,0.0
4.630187749862671,0.0,0.0,0.005916628714604953,0.0,0.0,0.0
4.6401989459991455,0.0,0.0,0.005916628714604953,0.0,0.0,0.0
4.650189399719238,0.0,0.0,0.005916628714604953,0.0,0.0,0.0
4.6601879596710205,0.0,0.0,0.005916628714604953,0.0,0.0,0.0
4.670186758041382,0.0,0.0,0.0020967012518044114,0.0,0.0,0.0
4.6802167892456055,0.0,0.0,0.0020967012518044114,0.0,0.0,0.0
4.690236330032349,0.0,0.0,0.0020967012518044114,0.0,0.0,0.0
4.700226783752441,0.0,0.0,0.0020967012518044114,0.0,0.0,0.0
4.710240602493286,0.0,0.0,-0.0014933228154873125,0.0,0.0,0.0
4.7202794551849365,0.0,0.0,-0.0014933228154873125,0.0,0.0,0.0
4.730222463607788,0.0,0.0,-0.004904713685823552,0.0,0.0,0.0
4.740455627441406,0.0,0.0,-0.004904713685823552,0.0,0.0,0.0
4.750200271606445,0.0,0.0,-0.004904713685823552,0.0,0.0,0.0
4.760237216949463,0.0,0.0,-0.004904713685823552,0.0,0.0,0.0
4.770247936248779,0.0,0.0,-0.005330053395523757,0.0,0.0,0.0
4.78020453453064,0.0,0.0,-0.005330053395523757,0.0,0.0,0.0
4.790200471878052,0.0,0.0,-0.005330053395523757,0.0,0.0,0.0
4.800206661224365,0.0,0.0,-0.005330053395523757,0.0,0.0,0.0
4.810189962387085,0.0,0.0,-0.005330053395523757,0.0,0.0,0.0
4.820213079452515,0.0,0.0,-0.0024093020009032353,0.0,0.0,0.0
4.8302130699157715,0.0,0.0,-0.0024093020009032353,0.0,0.0,0.0
4.840205669403076,0.0,0.0,-0.0024093020009032353,0.0,0.0,0.0
4.8502185344696045,0.0,0.0,-0.0024093020009032353,0.0,0.0,0.0
4.860201120376587,0.0,0.0,0.002314013088765634,0.0,0.0,0.0
4.87022066116333,0.0,0.0,0.002314013088765634,0.0,0.0,0.0
4.880186319351196,0.0,0.0,0.002314013088765634,0.0,0.0,0.0
4.890183448791504,0.0,0.0,0.002314013088765634,0.0,0.0,0.0
4.9001991748809814,0.0,0.0,0.002314013088765634,0.0,0.0,0.0
4.910241365432739,0.0,0.0,0.005971261205635736,0.0,0.0,0.0
4.920198678970337,0.0,0.0,0.005971261205635736,0.0,0.0,0.0
4.930181264877319,0.0,0.0,0.005971261205635736,0.0,0.0,0.0
4.940190553665161,0.0,0.0,0.005971261205635736,0.0,0.0,0.0
4.950204372406006,0.0,0.0,0.005971261205635736,0.0,0.0,0.0
4.960203647613525,0.0,0.0,0.004469948513089817,0.0,0.0,0.0
4.970195770263672,0.0,0.0,0.000525474119344782,0.0,0.0,0.0
4.980216979980469,0.0,0.0,0.000525474119344782,0.0,0.0,0.0
4.990203380584717,0.0,0.0,0.000525474119344782,0.0,0.0,0.0
5.000205039978027,0.0,0.0,0.000525474119344782,0.0,0.0,0.0
5.010200023651123,0.0,0.0,-0.0029408236450067095,0.0,0.0,0.0
5.020201206207275,0.0,0.0,-0.0029408236450067095,0.0,0.0,0.0
5.030206680297852,0.0,0.0,-0.0029408236450067095,0.0,0.0,0.0
5.040066957473755,0.0,0.0,-0.0029408236450067095,0.0,0.0,0.0
5.050126552581787,0.0,0.0,-0.0029408236450067095,0.0,0.0,0.0
5.0601818561553955,0.0,0.0,-0.005482324707791353,0.0,0.0,0.0
5.070188522338867,0.0,0.0,-0.005482324707791353,0.0,0.0,0.0
5.0802223682403564,0.0,0.0,-0.005482324707791353,0.0,0.0,0.0
5.090230941772461,0.0,0.0,-0.005482324707791353,0.0,0.0,0.0
5.10017991065979,0.0,0.0,-0.005482324707791353,0.0,0.0,0.0
5.110216856002808,0.0,0.0,-0.0008383257959562585,0.0,0.0,0.0
5.12020206451416,0.0,0.0,-0.0008383257959562585,0.0,0.0,0.0
5.130192279815674,0.0,0.0,-0.0008383257959562585,0.0,0.0,0.0
5.140188694000244,0.0,0.0,-0.0008383257959562585,0.0,0.0,0.0
5.150198698043823,0.0,0.0,-0.0008383257959562585,0.0,0.0,0.0
5.1601855754852295,0.0,0.0,0.0025534494371873963,0.0,0.0,0.0
5.1702306270599365,0.0,0.0,0.005839646129932445,0.0,0.0,0.0
5.180208444595337,0.0,0.0,0.005839646129932445,0.0,0.0,0.0
5.190244197845459,0.0,0.0,0.005839646129932445,0.0,0.0,0.0
5.2002129554748535,0.0,0.0,0.005839646129932445,0.0,0.0,0.0
5.210244417190552,0.0,0.0,0.00463380891508204,0.0,0.0,0.0
5.220193147659302,0.0,0.0,0.00463380891508204,0.0,0.0,0.0
5.23041844367981,0.0,0.0,0.00463380891508204,0.0,0.0,0.0
5.24028468132019,0.0,0.0,0.00463380891508204,0.0,0.0,0.0
5.250464200973511,0.0,0.0,0.00463380891508204,0.0,0.0,0.0
5.260168075561523,0.0,0.0,0.0003031585713941443,0.0,0.0,0.0
5.27027702331543,0.0,0.0,0.0003031585713941443,0.0,0.0,0.0
5.280340909957886,0.0,0.0,0.0003031585713941443,0.0,0.0,0.0
5.2902991771698,0.0,0.0,0.0003031585713941443,0.0,0.0,0.0
5.30025315284729,0.0,0.0,-0.004159468540760729,0.0,0.0,0.0
5.310327529907227,0.0,0.0,-0.004159468540760729,0.0,0.0,0.0
5.320261716842651,0.0,0.0,-0.004159468540760729,0.0,0.0,0.0
5.330291509628296,0.0,0.0,-0.004159468540760729,0.0,0.0,0.0
5.340257883071899,0.0,0.0,-0.005812653844390141,0.0,0.0,0.0
5.35029411315918,0.0,0.0,-0.005812653844390141,0.0,0.0,0.0
5.360302686691284,0.0,0.0,-0.005812653844390141,0.0,0.0,0.0
5.370270490646362,0.0,0.0,-0.005812653844390141,0.0,0.0,0.0
5.380262851715088,0.0,0.0,-0.005812653844390141,0.0,0.0,0.0
5.390316486358643,0.0,0.0,-0.0025078586615911737,0.0,0.0,0.0
5.400243043899536,0.0,0.0,-0.0025078586615911737,0.0,0.0,0.0
5.410335302352905,0.0,0.0,0.0007157108148400049,0.0,0.0,0.0
5.420330762863159,0.0,0.0,0.0007157108148400049,0.0,0.0,0.0
5.43032169342041,0.0,0.0,0.0007157108148400049,0.0,0.0,0.0
5.440322637557983,0.0,0.0,0.0007157108148400049,0.0,0.0,0.0
5.450318098068237,0.0,0.0,0.003702325666286903,0.0,0.0,0.0
5.460294485092163,0.0,0.0,0.003702325666286903,0.0,0.0,0.0
5.470327615737915,0.0,0.0,0.003702325666286903,0.0,0.0,0.0
5.480315923690796,0.0,0.0,0.003702325666286903,0.0,0.0,0.0
5.490314245223999,0.0,0.0,0.003702325666286903,0.0,0.0,0.0
5.500314950942993,0.0,0.0,0.004821349458697811,0.0,0.0,0.0
5.510333776473999,0.0,0.0,0.004821349458697811,0.0,0.0,0.0
5.520350217819214,0.0,0.0,0.004821349458697811,0.0,0.0,0.0
5.530301094055176,0.0,0.0,0.004821349458697811,0.0,0.0,0.0
5.540337324142456,0.0,0.0,0.0018069951886365045,0.0,0.0,0.0
5.550296068191528,0.0,0.0,0.0018069951886365045,0.0,0.0,0.0
5.560259103775024,0.0,0.0,0.0018069951886365045,0.0,0.0,0.0
5.570329427719116,0.0,0.0,0.0018069951886365045,0.0,0.0,0.0
5.580305576324463,0.0,0.0,-0.003989010518215306,0.0,0.0,0.0
5.590318202972412,0.0,0.0,-0.003989010518215306,0.0,0.0,0.0
5.600290298461914,0.0,0.0,-0.003989010518215306,0.0,0.0,0.0
5.610328912734985,0.0,0.0,-0.003989010518215306,0.0,0.0,0.0
5.620286703109741,0.0,0.0,-0.003989010518215306,0.0,0.0,0.0
5.630332708358765,0.0,0.0,-0.006596121631292418,0.0,0.0,0.0
5.6403257846832275,0.0,0.0,-0.006596121631292418,0.0,0.0,0.0
5.650371551513672,0.0,0.0,-0.0050329798423639095,0.0,0.0,0.0
5.660261869430542,0.0,0.0,-0.0050329798423639095,0.0,0.0,0.0
5.670282363891602,0.0,0.0,-0.0050329798423639095,0.0,0.0,0.0
5.680291414260864,0.0,0.0,-0.0050329798423639095,0.0,0.0,0.0
5.690302610397339,0.0,0.0,-0.0008776707104053383,0.0,0.0,0.0
5.7003014087677,0.0,0.0,-0.0008776707104053383,0.0,0.0,0.0
5.7103190422058105,0.0,0.0,-0.0008776707104053383,0.0,0.0,0.0
5.720264434814453,0.0,0.0,-0.0008776707104053383,0.0,0.0,0.0
5.73031210899353,0.0,0.0,0.0036435679730526084,0.0,0.0,0.0
5.740272045135498,0.0,0.0,0.0036435679730526084,0.0,0.0,0.0
5.750305414199829,0.0,0.0,0.0036435679730526084,0.0,0.0,0.0
5.760239362716675,0.0,0.0,0.0036435679730526084,0.0,0.0,0.0
5.770307779312134,0.0,0.0,0.0036435679730526084,0.0,0.0,0.0
5.780316591262817,0.0,0.0,0.0058854373284779275,0.0,0.0,0.0
5.790327072143555,0.0,0.0,0.0058854373284779275,0.0,0.0,0.0
5.800358057022095,0.0,0.0,0.0058854373284779275,0.0,0.0,0.0
5.810314893722534,0.0,0.0,0.0058854373284779275,0.0,0.0,0.0
5.820330381393433,0.0,0.0,0.0008530662471842731,0.0,0.0,0.0
5.830354690551758,0.0,0.0,0.0008530662471842731,0.0,0.0,0.0
5.840372562408447,0.0,0.0,0.0008530662471842731,0.0,0.0,0.0
5.8503053188323975,0.0,0.0,0.0008530662471842731,0.0,0.0,0.0
5.860447645187378,0.0,0.0,-0.002272344990702626,0.0,0.0,0.0
5.870309829711914,0.0,0.0,-0.002272344990702626,0.0,0.0,0.0
5.880296468734741,0.0,0.0,-0.002272344990702626,0.0,0.0,0.0
5.89030647277832,0.0,0.0,-0.005470874095726064,0.0,0.0,0.0
5.900317907333374,0.0,0.0,-0.005470874095726064,0.0,0.0,0.0
5.910314559936523,0.0,0.0,-0.005470874095726064,0.0,0.0,0.0
5.920246601104736,0.0,0.0,-0.005470874095726064,0.0,0.0,0.0
5.930319786071777,0.0,0.0,-0.004953522020398813,0.0,0.0,0.0
5.940361976623535,0.0,0.0,-0.004953522020398813,0.0,0.0,0.0
5.950301170349121,0.0,0.0,-0.004953522020398813,0.0,0.0,0.0
5.960251092910767,0.0,0.0,-0.004953522020398813,0.0,0.0,0.0
5.970318555831909,0.0,0.0,-0.001131622016697378,0.0,0.0,0.0
5.980296611785889,0.0,0.0,-0.001131622016697378,0.0,0.0,0.0
5.990248918533325,0.0,0.0,-0.001131622016697378,0.0,0.0,0.0
6.000229358673096,0.0,0.0,-0.001131622016697378,0.0,0.0,0.0
6.010315418243408,0.0,0.0,-0.001131622016697378,0.0,0.0,0.0
6.020258188247681,0.0,0.0,0.0027689802863867107,0.0,0.0,0.0
6.0303308963775635,0.0,0.0,0.0027689802863867107,0.0,0.0,0.0
6.04031777381897,0.0,0.0,0.0027689802863867107,0.0,0.0,0.0
6.0501649379730225,0.0,0.0,0.0027689802863867107,0.0,0.0,0.0
6.060081720352173,0.0,0.0,0.006199087854304306,0.0,0.0,0.0
6.070175886154175,0.0,0.0,0.006199087854304306,0.0,0.0,0.0
6.080303430557251,0.0,0.0,0.006199087854304306,0.0,0.0,0.0
6.090321779251099,0.0,0.0,0.006199087854304306,0.0,0.0,0.0
6.100787878036499,0.0,0.0,0.004259685828964708,0.0,0.0,0.0
6.110311269760132,0.0,0.0,0.004259685828964708,0.0,0.0,0.0
6.120252370834351,0.0,0.0,0.00044430629180180147,0.0,0.0,0.0
6.130295276641846,0.0,0.0,0.00044430629180180147,0.0,0.0,0.0
6.140305042266846,0.0,0.0,0.00044430629180180147,0.0,0.0,0.0
6.150299549102783,0.0,0.0,0.00044430629180180147,0.0,0.0,0.0
6.160376071929932,0.0,0.0,-0.002676615251968739,0.0,0.0,0.0
6.170306444168091,0.0,0.0,-0.002676615251968739,0.0,0.0,0.0
6.180295705795288,0.0,0.0,-0.002676615251968739,0.0,0.0,0.0
6.190345525741577,0.0,0.0,-0.002676615251968739,0.0,0.0,0.0
6.200428009033203,0.0,0.0,-0.002676615251968739,0.0,0.0,0.0
6.210371494293213,0.0,0.0,-0.004746933238614126,0.0,0.0,0.0
6.220321416854858,0.0,0.0,-0.004746933238614126,0.0,0.0,0.0
6.230361700057983,0.0,0.0,-0.004746933238614126,0.0,0.0,0.0
6.2403247356414795,0.0,0.0,-0.004746933238614126,0.0,0.0,0.0
6.250434637069702,0.0,0.0,-0.003314020192005076,0.0,0.0,0.0
6.2602739334106445,0.0,0.0,-0.003314020192005076,0.0,0.0,0.0
6.270187139511108,0.0,0.0,-0.003314020192005076,0.0,0.0,0.0
6.280210018157959,0.0,0.0,-0.003314020192005076,0.0,0.0,0.0
6.290176630020142,0.0,0.0,-0.003314020192005076,0.0,0.0,0.0
6.300181150436401,0.0,0.0,0.0019705019112055753,0.0,0.0,0.0
6.31032395362854,0.0,0.0,0.0019705019112055753,0.0,0.0,0.0
6.320337772369385,0.0,0.0,0.0019705019112055753,0.0,0.0,0.0
6.330180883407593,0.0,0.0,0.0019705019112055753,0.0,0.0,0.0
6.340364933013916,0.0,0.0,0.005733465282673329,0.0,0.0,0.0
6.350168943405151,0.0,0.0,0.005733465282673329,0.0,0.0,0.0
6.360184907913208,0.0,0.0,0.006372215205884055,0.0,0.0,0.0
6.370199918746948,0.0,0.0,0.006372215205884055,0.0,0.0,0.0
6.380172252655029,0.0,0.0,0.006372215205884055,0.0,0.0,0.0
6.3901660442352295,0.0,0.0,0.006372215205884055,0.0,0.0,0.0
6.4002721309661865,0.0,0.0,0.0018305109339609783,0.0,0.0,0.0
6.410217761993408,0.0,0.0,0.0018305109339609783,0.0,0.0,0.0
6.420195817947388,0.0,0.0,0.0018305109339609783,0.0,0.0,0.0
6.430347204208374,0.0,0.0,0.0018305109339609783,0.0,0.0,0.0
6.44027853012085,0.0,0.0,0.0018305109339609783,0.0,0.0,0.0
6.450360536575317,0.0,0.0,-0.002195277412287533,0.0,0.0,0.0
6.460273504257202,0.0,0.0,-0.002195277412287533,0.0,0.0,0.0
6.471057891845703,0.0,0.0,-0.002195277412287533,0.0,0.0,0.0
6.480365991592407,0.0,0.0,-0.002195277412287533,0.0,0.0,0.0
6.490288019180298,0.0,0.0,-0.006285288858080982,0.0,0.0,0.0
6.500277280807495,0.0,0.0,-0.006285288858080982,0.0,0.0,0.0
6.510398864746094,0.0,0.0,-0.006285288858080982,0.0,0.0,0.0
6.520337104797363,0.0,0.0,-0.006285288858080982,0.0,0.0,0.0
6.5303497314453125,0.0,0.0,-0.006285288858080982,0.0,0.0,0.0
6.540346384048462,0.0,0.0,-0.0035899964499561945,0.0,0.0,0.0
6.5503528118133545,0.0,0.0,-0.0035899964499561945,0.0,0.0,0.0
6.560261249542236,0.0,0.0,-0.0035899964499561945,0.0,0.0,0.0
6.570361137390137,0.0,0.0,-0.0035899964499561945,0.0,0.0,0.0
6.580370903015137,0.0,0.0,-0.00039433751207926807,0.0,0.0,0.0
6.590357542037964,0.0,0.0,-0.00039433751207926807,0.0,0.0,0.0
6.600359916687012,0.0,0.0,0.0049996293904947375,0.0,0.0,0.0
6.61040186882019,0.0,0.0,0.0049996293904947375,0.0,0.0,0.0
6.620370149612427,0.0,0.0,0.0049996293904947375,0.0,0.0,0.0
6.630373239517212,0.0,0.0,0.0049996293904947375,0.0,0.0,0.0
6.6403467655181885,0.0,0.0,0.0052907642605159386,0.0,0.0,0.0
6.650359630584717,0.0,0.0,0.0052907642605159386,0.0,0.0,0.0
6.660281419754028,0.0,0.0,0.0052907642605159386,0.0,0.0,0.0
6.670284032821655,0.0,0.0,0.0052907642605159386,0.0,0.0,0.0
6.68063759803772,0.0,0.0,0.002509305883680364,0.0,0.0,0.0
6.690362453460693,0.0,0.0,0.002509305883680364,0.0,0.0,0.0
6.700335502624512,0.0,0.0,0.002509305883680364,0.0,0.0,0.0
6.710399866104126,0.0,0.0,0.002509305883680364,0.0,0.0,0.0
6.720297574996948,0.0,0.0,0.002509305883680364,0.0,0.0,0.0
6.7303619384765625,0.0,0.0,-0.001695627181507806,0.0,0.0,0.0
6.740341663360596,0.0,0.0,-0.001695627181507806,0.0,0.0,0.0
6.750354528427124,0.0,0.0,-0.001695627181507806,0.0,0.0,0.0
6.760335445404053,0.0,0.0,-0.001695627181507806,0.0,0.0,0.0
6.770281076431274,0.0,0.0,-0.006167335399442573,0.0,0.0,0.0
6.780474662780762,0.0,0.0,-0.006167335399442573,0.0,0.0,0.0
6.790385723114014,0.0,0.0,-0.006167335399442573,0.0,0.0,0.0
6.8003387451171875,0.0,0.0,-0.006167335399442573,0.0,0.0,0.0
6.810393571853638,0.0,0.0,-0.006167335399442573,0.0,0.0,0.0
6.820436000823975,0.0,0.0,-0.005561678063986024,0.0,0.0,0.0
6.8303773403167725,0.0,0.0,-0.005561678063986024,0.0,0.0,0.0
6.840275764465332,0.0,0.0,-0.0021713450488847477,0.0,0.0,0.0
6.850350379943848,0.0,0.0,-0.0021713450488847477,0.0,0.0,0.0
6.86043119430542,0.0,0.0,-0.0021713450488847477,0.0,0.0,0.0
6.870358228683472,0.0,0.0,-0.0021713450488847477,0.0,0.0,0.0
6.880399703979492,0.0,0.0,0.002148444579241513,0.0,0.0,0.0
6.890347719192505,0.0,0.0,0.002148444579241513,0.0,0.0,0.0
6.900269508361816,0.0,0.0,0.002148444579241513,0.0,0.0,0.0
6.910351753234863,0.0,0.0,0.002148444579241513,0.0,0.0,0.0
6.920581102371216,0.0,0.0,0.006020994147453393,0.0,0.0,0.0
6.930347919464111,0.0,0.0,0.006020994147453393,0.0,0.0,0.0
6.94027304649353,0.0,0.0,0.006020994147453393,0.0,0.0,0.0
6.9503583908081055,0.0,0.0,0.006020994147453393,0.0,0.0,0.0
6.960277318954468,0.0,0.0,0.006020994147453393,0.0,0.0,0.0
6.970358371734619,0.0,0.0,0.005419254618207541,0.0,0.0,0.0
6.980273723602295,0.0,0.0,0.005419254618207541,0.0,0.0,0.0
6.990363597869873,0.0,0.0,0.005419254618207541,0.0,0.0,0.0
7.00027060508728,0.0,0.0,0.005419254618207541,0.0,0.0,0.0
7.0104005336761475,0.0,0.0,-0.0021311150239194452,0.0,0.0,0.0
7.020362615585327,0.0,0.0,-0.0021311150239194452,0.0,0.0,0.0
7.0303635597229,0.0,0.0,-0.0021311150239194452,0.0,0.0,0.0
7.040228605270386,0.0,0.0,-0.0021311150239194452,0.0,0.0,0.0
7.050162076950073,0.0,0.0,-0.0021311150239194452,0.0,0.0,0.0
7.060063600540161,0.0,0.0,-0.006392861526973146,0.0,0.0,0.0
7.0701446533203125,0.0,0.0,-0.006392861526973146,0.0,0.0,0.0
7.080152750015259,0.0,0.0,-0.008612543091036437,0.0,0.0,0.0
7.090318918228149,0.0,0.0,-0.008612543091036437,0.0,0.0,0.0
7.100269794464111,0.0,0.0,-0.008612543091036437,0.0,0.0,0.0
7.110393285751343,0.0,0.0,-0.008612543091036437,0.0,0.0,0.0
7.1202709674835205,0.0,0.0,-0.003979116720167379,0.0,0.0,0.0
7.130354166030884,0.0,0.0,-0.003979116720167379,0.0,0.0,0.0
7.140275001525879,0.0,0.0,-0.003979116720167379,0.0,0.0,0.0
7.15035343170166,0.0,0.0,-0.003979116720167379,0.0,0.0,0.0
7.1602771282196045,0.0,0.0,0.0008875666993227593,0.0,0.0,0.0
7.170356750488281,0.0,0.0,0.0008875666993227593,0.0,0.0,0.0
7.1803507804870605,0.0,0.0,0.0008875666993227593,0.0,0.0,0.0
7.190351724624634,0.0,0.0,0.0008875666993227593,0.0,0.0,0.0
7.200458765029907,0.0,0.0,0.006388106757165097,0.0,0.0,0.0
7.210391044616699,0.0,0.0,0.006388106757165097,0.0,0.0,0.0
7.220450162887573,0.0,0.0,0.006388106757165097,0.0,0.0,0.0
7.2303547859191895,0.0,0.0,0.006388106757165097,0.0,0.0,0.0
7.240335702896118,0.0,0.0,0.006388106757165097,0.0,0.0,0.0
7.250377416610718,0.0,0.0,0.00480901626764827,0.0,0.0,0.0
7.26030707359314,0.0,0.0,0.00480901626764827,0.0,0.0,0.0
7.270372629165649,0.0,0.0,0.00480901626764827,0.0,0.0,0.0
7.280339241027832,0.0,0.0,0.00480901626764827,0.0,0.0,0.0
7.290353298187256,0.0,0.0,0.0006469766153424761,0.0,0.0,0.0
7.300359010696411,0.0,0.0,0.0006469766153424761,0.0,0.0,0.0
7.31038498878479,0.0,0.0,-0.003467279447198859,0.0,0.0,0.0
7.320333003997803,0.0,0.0,-0.003467279447198859,0.0,0.0,0.0
7.330362796783447,0.0,0.0,-0.003467279447198859,0.0,0.0,0.0
7.340360879898071,0.0,0.0,-0.003467279447198859,0.0,0.0,0.0
7.350266456604004,0.0,0.0,-0.003467279447198859,0.0,0.0,0.0
7.360270023345947,0.0,0.0,-0.005140997519046238,0.0,0.0,0.0
7.370368719100952,0.0,0.0,-0.005140997519046238,0.0,0.0,0.0
7.380430459976196,0.0,0.0,-0.005140997519046238,0.0,0.0,0.0
7.390347242355347,0.0,0.0,-0.005140997519046238,0.0,0.0,0.0
7.400332450866699,0.0,0.0,-0.002879718579069426,0.0,0.0,0.0
7.410353899002075,0.0,0.0,-0.002879718579069426,0.0,0.0,0.0
7.420346736907959,0.0,0.0,-0.002879718579069426,0.0,0.0,0.0
7.43036413192749,0.0,0.0,-0.002879718579069426,0.0,0.0,0.0
7.440524101257324,0.0,0.0,0.00026000034486297176,0.0,0.0,0.0
7.450352668762207,0.0,0.0,0.00026000034486297176,0.0,0.0,0.0
7.460336446762085,0.0,0.0,0.00026000034486297176,0.0,0.0,0.0
7.47036600112915,0.0,0.0,0.00026000034486297176,0.0,0.0,0.0
7.480362415313721,0.0,0.0,0.00026000034486297176,0.0,0.0,0.0
7.490359544754028,0.0,0.0,0.005434386178356858,0.0,0.0,0.0
7.500354766845703,0.0,0.0,0.005434386178356858,0.0,0.0,0.0
7.5103912353515625,0.0,0.0,0.005434386178356858,0.0,0.0,0.0
7.5202789306640625,0.0,0.0,0.005434386178356858,0.0,0.0,0.0
7.530354976654053,0.0,0.0,0.005434386178356858,0.0,0.0,0.0
7.540276765823364,0.0,0.0,0.00666203785268431,0.0,0.0,0.0
7.550362825393677,0.0,0.0,0.002899370713833491,0.0,0.0,0.0
7.560281991958618,0.0,0.0,0.002899370713833491,0.0,0.0,0.0
7.570356845855713,0.0,0.0,0.002899370713833491,0.0,0.0,0.0
7.580275058746338,0.0,0.0,0.002899370713833491,0.0,0.0,0.0
7.590359926223755,0.0,0.0,-0.001104481160923303,0.0,0.0,0.0
7.6003499031066895,0.0,0.0,-0.001104481160923303,0.0,0.0,0.0
7.6103675365448,0.0,0.0,-0.001104481160923303,0.0,0.0,0.0
7.620275497436523,0.0,0.0,-0.001104481160923303,0.0,0.0,0.0
7.63036584854126,0.0,0.0,-0.001104481160923303,0.0,0.0,0.0
7.640277862548828,0.0,0.0,-0.004247438609490546,0.0,0.0,0.0
7.650359392166138,0.0,0.0,-0.004247438609490546,0.0,0.0,0.0
7.660284519195557,0.0,0.0,-0.004247438609490546,0.0,0.0,0.0
7.670367956161499,0.0,0.0,-0.004247438609490546,0.0,0.0,0.0
7.6802978515625,0.0,0.0,-0.005391989558063255,0.0,0.0,0.0
7.69035530090332,0.0,0.0,-0.005391989558063255,0.0,0.0,0.0
7.700278043746948,0.0,0.0,-0.005391989558063255,0.0,0.0,0.0
7.7103588581085205,0.0,0.0,-0.005391989558063255,0.0,0.0,0.0
7.720539093017578,0.0,0.0,-0.00014214582993393065,0.0,0.0,0.0
7.730362892150879,0.0,0.0,-0.00014214582993393065,0.0,0.0,0.0
7.74027419090271,0.0,0.0,-0.00014214582993393065,0.0,0.0,0.0
7.750357151031494,0.0,0.0,-0.00014214582993393065,0.0,0.0,0.0
7.760278940200806,0.0,0.0,-0.00014214582993393065,0.0,0.0,0.0
7.7702720165252686,0.0,0.0,0.0037966321618901322,0.0,0.0,0.0
7.780250787734985,0.0,0.0,0.0037966321618901322,0.0,0.0,0.0
7.790351867675781,0.0,0.0,0.005691618625234156,0.0,0.0,0.0
7.800332069396973,0.0,0.0,0.005691618625234156,0.0,0.0,0.0
7.810400724411011,0.0,0.0,0.005691618625234156,0.0,0.0,0.0
7.820362567901611,0.0,0.0,0.005691618625234156,0.0,0.0,0.0
7.8303749561309814,0.0,0.0,0.0041624397801902635,0.0,0.0,0.0
7.840446949005127,0.0,0.0,0.0041624397801902635,0.0,0.0,0.0
7.850372314453125,0.0,0.0,0.0041624397801902635,0.0,0.0,0.0
7.860353231430054,0.0,0.0,0.0041624397801902635,0.0,0.0,0.0
7.870342254638672,0.0,0.0,0.0041624397801902635,0.0,0.0,0.0
7.880343914031982,0.0,0.0,-0.0002812723697724717,0.0,0.0,0.0
7.890355825424194,0.0,0.0,-0.0002812723697724717,0.0,0.0,0.0
7.900418281555176,0.0,0.0,-0.0002812723697724717,0.0,0.0,0.0
7.910391092300415,0.0,0.0,-0.0002812723697724717,0.0,0.0,0.0
7.920359373092651,0.0,0.0,-0.003547741769518611,0.0,0.0,0.0
7.930357217788696,0.0,0.0,-0.003547741769518611,0.0,0.0,0.0
7.940281391143799,0.0,0.0,-0.003547741769518611,0.0,0.0,0.0
7.950356960296631,0.0,0.0,-0.003547741769518611,0.0,0.0,0.0
7.960437059402466,0.0,0.0,-0.006116764835713787,0.0,0.0,0.0
7.970369577407837,0.0,0.0,-0.006116764835713787,0.0,0.0,0.0
7.9804160594940186,0.0,0.0,-0.006116764835713787,0.0,0.0,0.0
7.990360736846924,0.0,0.0,-0.006116764835713787,0.0,0.0,0.0
8.000362634658813,0.0,0.0,-0.006116764835713787,0.0,0.0,0.0
8.010313749313354,0.0,0.0,-0.004020141485691413,0.0,0.0,0.0
8.020273447036743,0.0,0.0,-0.004020141485691413,0.0,0.0,0.0
8.030352115631104,0.0,0.0,-0.00015031856704216472,0.0,0.0,0.0
8.040288209915161,0.0,0.0,-0.00015031856704216472,0.0,0.0,0.0
8.05018424987793,0.0,0.0,-0.00015031856704216472,0.0,0.0,0.0
8.06007695198059,0.0,0.0,-0.00015031856704216472,0.0,0.0,0.0
8.0701425075531,0.0,0.0,0.0035026621024594018,0.0,0.0,0.0
8.080197095870972,0.0,0.0,0.0035026621024594018,0.0,0.0,0.0
8.090318202972412,0.0,0.0,0.0035026621024594018,0.0,0.0,0.0
8.100274801254272,0.0,0.0,0.0035026621024594018,0.0,0.0,0.0
8.110398769378662,0.0,0.0,0.0035026621024594018,0.0,0.0,0.0
8.120423078536987,0.0,0.0,0.006086059906953185,0.0,0.0,0.0
8.130355834960938,0.0,0.0,0.006086059906953185,0.0,0.0,0.0
8.140356302261353,0.0,0.0,0.006086059906953185,0.0,0.0,0.0
8.15035367012024,0.0,0.0,0.006086059906953185,0.0,0.0,0.0
8.160364389419556,0.0,0.0,0.0041835440420328945,0.0,0.0,0.0
8.170369386672974,0.0,0.0,0.0041835440420328945,0.0,0.0,0.0
8.18033480644226,0.0,0.0,0.0041835440420328945,0.0,0.0,0.0
8.190355062484741,0.0,0.0,0.0041835440420328945,0.0,0.0,0.0
8.200354099273682,0.0,0.0,0.0041835440420328945,0.0,0.0,0.0
8.210228681564331,0.0,0.0,-0.00327144664737264,0.0,0.0,0.0
8.220207452774048,0.0,0.0,-0.00327144664737264,0.0,0.0,0.0
8.230191707611084,0.0,0.0,-0.00327144664737264,0.0,0.0,0.0
8.240228176116943,0.0,0.0,-0.00327144664737264,0.0,0.0,0.0
8.25020146369934,0.0,0.0,-0.00327144664737264,0.0,0.0,0.0
8.260198831558228,0.0,0.0,-0.007974069196944641,0.0,0.0,0.0
8.270236253738403,0.0,0.0,-0.007821676701715302,0.0,0.0,0.0
8.280245304107666,0.0,0.0,-0.007821676701715302,0.0,0.0,0.0
8.290199756622314,0.0,0.0,-0.007821676701715302,0.0,0.0,0.0
8.30018162727356,0.0,0.0,-0.007821676701715302,0.0,0.0,0.0
8.310190677642822,0.0,0.0,-0.0033110020043757428,0.0,0.0,0.0
8.32019853591919,0.0,0.0,-0.0033110020043757428,0.0,0.0,0.0
8.330283880233765,0.0,0.0,-0.0033110020043757428,0.0,0.0,0.0
8.340213298797607,0.0,0.0,-0.0033110020043757428,0.0,0.0,0.0
8.350196838378906,0.0,0.0,-0.0033110020043757428,0.0,0.0,0.0
8.360191106796265,0.0,0.0,0.0008869103585973192,0.0,0.0,0.0
8.370304822921753,0.0,0.0,0.0008869103585973192,0.0,0.0,0.0
8.38027310371399,0.0,0.0,0.0008869103585973192,0.0,0.0,0.0
8.390356063842773,0.0,0.0,0.0008869103585973192,0.0,0.0,0.0
8.40028190612793,0.0,0.0,0.006219915902841171,0.0,0.0,0.0
8.410253286361694,0.0,0.0,0.006219915902841171,0.0,0.0,0.0
8.42030930519104,0.0,0.0,0.006219915902841171,0.0,0.0,0.0
8.430298328399658,0.0,0.0,0.006219915902841171,0.0,0.0,0.0
8.44049859046936,0.0,0.0,0.005317496302926452,0.0,0.0,0.0
8.450300216674805,0.0,0.0,0.005317496302926452,0.0,0.0,0.0
8.460286378860474,0.0,0.0,0.005317496302926452,0.0,0.0,0.0
8.470293045043945,0.0,0.0,0.005317496302926452,0.0,0.0,0.0
8.480288743972778,0.0,0.0,0.005317496302926452,0.0,0.0,0.0
8.490294933319092,0.0,0.0,0.0021752262857003936,0.0,0.0,0.0
8.50080132484436,0.0,0.0,-0.002733842908587425,0.0,0.0,0.0
8.510300636291504,0.0,0.0,-0.002733842908587425,0.0,0.0,0.0
8.520244598388672,0.0,0.0,-0.002733842908587425,0.0,0.0,0.0
8.530296802520752,0.0,0.0,-0.002733842908587425,0.0,0.0,0.0
8.540247917175293,0.0,0.0,-0.002733842908587425,0.0,0.0,0.0
8.550292730331421,0.0,0.0,-0.00436798401400746,0.0,0.0,0.0
8.560259342193604,0.0,0.0,-0.00436798401400746,0.0,0.0,0.0
8.570296287536621,0.0,0.0,-0.00436798401400746,0.0,0.0,0.0
8.580300331115723,0.0,0.0,-0.00436798401400746,0.0,0.0,0.0
8.590290546417236,0.0,0.0,-0.00436798401400746,0.0,0.0,0.0
8.600231885910034,0.0,0.0,-0.004678874086009656,0.0,0.0,0.0
8.610314130783081,0.0,0.0,-0.004678874086009656,0.0,0.0,0.0
8.620296955108643,0.0,0.0,-0.004678874086009656,0.0,0.0,0.0
8.630287408828735,0.0,0.0,-0.004678874086009656,0.0,0.0,0.0
8.640248537063599,0.0,0.0,-0.0019936637269860748,0.0,0.0,0.0
8.65028715133667,0.0,0.0,-0.0019936637269860748,0.0,0.0,0.0
8.66025185585022,0.0,0.0,-0.0019936637269860748,0.0,0.0,0.0
8.67030644416809,0.0,0.0,-0.0019936637269860748,0.0,0.0,0.0
8.680541038513184,0.0,0.0,0.0048240076896617625,0.0,0.0,0.0
8.690289497375488,0.0,0.0,0.0048240076896617625,0.0,0.0,0.0
8.700289011001587,0.0,0.0,0.0048240076896617625,0.0,0.0,0.0
8.710312366485596,0.0,0.0,0.0048240076896617625,0.0,0.0,0.0
8.720290422439575,0.0,0.0,0.0048240076896617625,0.0,0.0,0.0
8.730246305465698,0.0,0.0,0.007799900351168088,0.0,0.0,0.0
8.740243673324585,0.0,0.0,0.0055393842065580845,0.0,0.0,0.0
8.750294923782349,0.0,0.0,0.0055393842065580845,0.0,0.0,0.0
8.760292291641235,0.0,0.0,0.0055393842065580845,0.0,0.0,0.0
8.770263195037842,0.0,0.0,0.0055393842065580845,0.0,0.0,0.0
8.780482292175293,0.0,0.0,0.0012816725221929382,0.0,0.0,0.0
8.790362119674683,0.0,0.0,0.0012816725221929382,0.0,0.0,0.0
8.800359725952148,0.0,0.0,0.0012816725221929382,0.0,0.0,0.0
8.810276508331299,0.0,0.0,0.0012816725221929382,0.0,0.0,0.0
8.820280075073242,0.0,0.0,0.0012816725221929382,0.0,0.0,0.0
8.830224752426147,0.0,0.0,-0.003482043580713592,0.0,0.0,0.0
8.840294599533081,0.0,0.0,-0.003482043580713592,0.0,0.0,0.0
8.850215196609497,0.0,0.0,-0.003482043580713592,0.0,0.0,0.0
8.860275983810425,0.0,0.0,-0.003482043580713592,0.0,0.0,0.0
8.870202779769897,0.0,0.0,-0.006644717920329883,0.0,0.0,0.0
8.880277872085571,0.0,0.0,-0.006644717920329883,0.0,0.0,0.0
8.890198469161987,0.0,0.0,-0.006644717920329883,0.0,0.0,0.0
8.900379180908203,0.0,0.0,-0.006644717920329883,0.0,0.0,0.0
8.910237550735474,0.0,0.0,-0.006644717920329883,0.0,0.0,0.0
8.920222759246826,0.0,0.0,-0.002727290632239425,0.0,0.0,0.0
8.930237293243408,0.0,0.0,-0.002727290632239425,0.0,0.0,0.0
8.940277338027954,0.0,0.0,-0.002727290632239425,0.0,0.0,0.0
8.95031189918518,0.0,0.0,-0.002727290632239425,0.0,0.0,0.0
8.960248470306396,0.0,0.0,0.0016072818452421967,0.0,0.0,0.0
8.97032880783081,0.0,0.0,0.0016072818452421967,0.0,0.0,0.0
8.980307579040527,0.0,0.0,0.005728892974389392,0.0,0.0,0.0
8.990296363830566,0.0,0.0,0.005728892974389392,0.0,0.0,0.0
9.000290632247925,0.0,0.0,0.005728892974389392,0.0,0.0,0.0
9.010281801223755,0.0,0.0,0.005728892974389392,0.0,0.0,0.0
9.020445585250854,0.0,0.0,0.006348724569012285,0.0,0.0,0.0
9.03032898902893,0.0,0.0,0.006348724569012285,0.0,0.0,0.0
9.040249109268188,0.0,0.0,0.006348724569012285,0.0,0.0,0.0
9.050296306610107,0.0,0.0,0.006348724569012285,0.0,0.0,0.0
9.060158252716064,0.0,0.0,0.006348724569012285,0.0,0.0,0.0
9.070194244384766,0.0,0.0,0.0024883533326759723,0.0,0.0,0.0
9.080182790756226,0.0,0.0,0.0024883533326759723,0.0,0.0,0.0
9.090291500091553,0.0,0.0,0.0024883533326759723,0.0,0.0,0.0
9.100303173065186,0.0,0.0,0.0024883533326759723,0.0,0.0,0.0
9.110279560089111,0.0,0.0,-0.0026736073461511812,0.0,0.0,0.0
9.120244979858398,0.0,0.0,-0.0026736073461511812,0.0,0.0,0.0
9.13019585609436,0.0,0.0,-0.0026736073461511812,0.0,0.0,0.0
9.140217542648315,0.0,0.0,-0.0026736073461511812,0.0,0.0,0.0
9.15018630027771,0.0,0.0,-0.0026736073461511812,0.0,0.0,0.0
9.160189390182495,0.0,0.0,-0.007745375291374321,0.0,0.0,0.0
9.170198678970337,0.0,0.0,-0.007745375291374321,0.0,0.0,0.0
9.180301904678345,0.0,0.0,-0.007745375291374321,0.0,0.0,0.0
9.190371990203857,0.0,0.0,-0.007745375291374321,0.0,0.0,0.0
9.200342178344727,0.0,0.0,-0.0068496397374944885,0.0,0.0,0.0
9.210394859313965,0.0,0.0,-0.0068496397374944885,0.0,0.0,0.0
9.220320463180542,0.0,0.0,-0.002869974006664302,0.0,0.0,0.0
9.2303626537323,0.0,0.0,-0.002869974006664302,0.0,0.0,0.0
9.240341663360596,0.0,0.0,-0.002869974006664302,0.0,0.0,0.0
9.250365018844604,0.0,0.0,-0.002869974006664302,0.0,0.0,0.0
9.26037049293518,0.0,0.0,0.0022486851135316054,0.0,0.0,0.0
9.270381927490234,0.0,0.0,0.0022486851135316054,0.0,0.0,0.0
9.280281066894531,0.0,0.0,0.0022486851135316054,0.0,0.0,0.0
9.290360927581787,0.0,0.0,0.0022486851135316054,0.0,0.0,0.0
9.300437927246094,0.0,0.0,0.0022486851135316054,0.0,0.0,0.0
9.310405254364014,0.0,0.0,0.006347649619915714,0.0,0.0,0.0
9.320350885391235,0.0,0.0,0.006347649619915714,0.0,0.0,0.0
9.330262899398804,0.0,0.0,0.006347649619915714,0.0,0.0,0.0
9.340211868286133,0.0,0.0,0.006347649619915714,0.0,0.0,0.0
9.350258588790894,0.0,0.0,0.006848633888977007,0.0,0.0,0.0
9.360199689865112,0.0,0.0,0.006848633888977007,0.0,0.0,0.0
9.370354175567627,0.0,0.0,0.006848633888977007,0.0,0.0,0.0
9.38035798072815,0.0,0.0,0.006848633888977007,0.0,0.0,0.0
9.390359878540039,0.0,0.0,0.006848633888977007,0.0,0.0,0.0
9.400276899337769,0.0,0.0,-0.0013120426899144455,0.0,0.0,0.0
9.410403966903687,0.0,0.0,-0.0013120426899144455,0.0,0.0,0.0
9.420358180999756,0.0,0.0,-0.0013120426899144455,0.0,0.0,0.0
9.430360555648804,0.0,0.0,-0.0013120426899144455,0.0,0.0,0.0
9.440353631973267,0.0,0.0,-0.007536723406860455,0.0,0.0,0.0
9.450296640396118,0.0,0.0,-0.007536723406860455,0.0,0.0,0.0
9.460313081741333,0.0,0.0,-0.008681789719781117,0.0,0.0,0.0
9.470213651657104,0.0,0.0,-0.008681789719781117,0.0,0.0,0.0
9.480191707611084,0.0,0.0,-0.008681789719781117,0.0,0.0,0.0
9.490284442901611,0.0,0.0,-0.008681789719781117,0.0,0.0,0.0
9.500237703323364,0.0,0.0,-0.005000264623624995,0.0,0.0,0.0
9.510306596755981,0.0,0.0,-0.005000264623624995,0.0,0.0,0.0
9.520198106765747,0.0,0.0,-0.005000264623624995,0.0,0.0,0.0
9.530187845230103,0.0,0.0,-0.005000264623624995,0.0,0.0,0.0
9.540321588516235,0.0,0.0,0.0002854640082394244,0.0,0.0,0.0
9.550190210342407,0.0,0.0,0.0002854640082394244,0.0,0.0,0.0
9.560193061828613,0.0,0.0,0.0002854640082394244,0.0,0.0,0.0
9.57021975517273,0.0,0.0,0.0002854640082394244,0.0,0.0,0.0
9.580212116241455,0.0,0.0,0.0002854640082394244,0.0,0.0,0.0
9.590183734893799,0.0,0.0,0.006235771759913034,0.0,0.0,0.0
9.600184202194214,0.0,0.0,0.006235771759913034,0.0,0.0,0.0
9.610196590423584,0.0,0.0,0.006235771759913034,0.0,0.0,0.0
9.620194435119629,0.0,0.0,0.006235771759913034,0.0,0.0,0.0
9.63020396232605,0.0,0.0,0.005724555210298421,0.0,0.0,0.0
9.640184879302979,0.0,0.0,0.005724555210298421,0.0,0.0,0.0
9.650184154510498,0.0,0.0,0.005724555210298421,0.0,0.0,0.0
9.660173177719116,0.0,0.0,0.005724555210298421,0.0,0.0,0.0
9.670200109481812,0.0,0.0,0.005724555210298421,0.0,0.0,0.0
9.680188417434692,0.0,0.0,0.0018760405558325656,0.0,0.0,0.0
9.690194129943848,0.0,0.0,-0.0034879441051650683,0.0,0.0,0.0
9.700179100036621,0.0,0.0,-0.0034879441051650683,0.0,0.0,0.0
9.710193634033203,0.0,0.0,-0.0034879441051650683,0.0,0.0,0.0
9.72018027305603,0.0,0.0,-0.0034879441051650683,0.0,0.0,0.0
9.730210781097412,0.0,0.0,-0.0034879441051650683,0.0,0.0,0.0
9.740200996398926,0.0,0.0,-0.004430605417043019,0.0,0.0,0.0
9.750175952911377,0.0,0.0,-0.004430605417043019,0.0,0.0,0.0
9.760177373886108,0.0,0.0,-0.004430605417043019,0.0,0.0,0.0
9.77018427848816,0.0,0.0,-0.004430605417043019,0.0,0.0,0.0
9.780207633972168,0.0,0.0,-0.004070771355799243,0.0,0.0,0.0
9.790182828903198,0.0,0.0,-0.004070771355799243,0.0,0.0,0.0
9.80017614364624,0.0,0.0,-0.004070771355799243,0.0,0.0,0.0
9.810189723968506,0.0,0.0,-0.004070771355799243,0.0,0.0,0.0
9.820498943328857,0.0,0.0,-0.0013569212855009294,0.0,0.0,0.0
9.830160856246948,0.0,0.0,-0.0013569212855009294,0.0,0.0,0.0
9.840172052383423,0.0,0.0,-0.0013569212855009294,0.0,0.0,0.0
9.850354194641113,0.0,0.0,-0.0013569212855009294,0.0,0.0,0.0
9.860337495803833,0.0,0.0,-0.0013569212855009294,0.0,0.0,0.0
9.870361804962158,0.0,0.0,0.004871881950029637,0.0,0.0,0.0
9.880284309387207,0.0,0.0,0.004871881950029637,0.0,0.0,0.0
9.890374183654785,0.0,0.0,0.004871881950029637,0.0,0.0,0.0
9.900274515151978,0.0,0.0,0.004871881950029637,0.0,0.0,0.0
9.910399913787842,0.0,0.0,0.007472366886743993,0.0,0.0,0.0
9.920368194580078,0.0,0.0,0.007472366886743993,0.0,0.0,0.0
9.93037462234497,0.0,0.0,0.004744179628189631,0.0,0.0,0.0
9.94044804573059,0.0,0.0,0.004744179628189631,0.0,0.0,0.0
9.950433015823364,0.0,0.0,0.004744179628189631,0.0,0.0,0.0
9.960338115692139,0.0,0.0,0.004744179628189631,0.0,0.0,0.0
9.970364332199097,0.0,0.0,0.004744179628189631,0.0,0.0,0.0
9.980356931686401,0.0,0.0,0.0005563102241321172,0.0,0.0,0.0
9.990356683731079,0.0,0.0,0.0005563102241321172,0.0,0.0,0.0
10.00038194656372,0.0,0.0,0.0005563102241321172,0.0,0.0,0.0
10.010382175445557,0.0,0.0,0.0005563102241321172,0.0,0.0,0.0
10.020464181900024,0.0,0.0,0.0005563102241321172,0.0,0.0,0.0
10.030361413955688,0.0,0.0,-0.0036106258380064382,0.0,0.0,0.0
10.040313243865967,0.0,0.0,-0.0036106258380064382,0.0,0.0,0.0
10.050312995910645,0.0,0.0,-0.0036106258380064382,0.0,0.0,0.0
10.06018853187561,0.0,0.0,-0.0036106258380064382,0.0,0.0,0.0
10.070135831832886,0.0,0.0,-0.007279699724505528,0.0,0.0,0.0
10.080152988433838,0.0,0.0,-0.007279699724505528,0.0,0.0,0.0
10.090330362319946,0.0,0.0,-0.007279699724505528,0.0,0.0,0.0
10.1003577709198,0.0,0.0,-0.007279699724505528,0.0,0.0,0.0
10.110387325286865,0.0,0.0,-0.007279699724505528,0.0,0.0,0.0
10.120423316955566,0.0,0.0,-0.0040606138472586385,0.0,0.0,0.0
10.130350112915039,0.0,0.0,-0.0040606138472586385,0.0,0.0,0.0
10.140356302261353,0.0,0.0,-0.00046504981954639037,0.0,0.0,0.0
10.150357723236084,0.0,0.0,-0.00046504981954639037,0.0,0.0,0.0
10.160328388214111,0.0,0.0,-0.00046504981954639037,0.0,0.0,0.0
10.17036747932434,0.0,0.0,-0.00046504981954639037,0.0,0.0,0.0
10.180334568023682,0.0,0.0,0.004258116547579389,0.0,0.0,0.0
10.190339088439941,0.0,0.0,0.004258116547579389,0.0,0.0,0.0
10.200204610824585,0.0,0.0,0.004258116547579389,0.0,0.0,0.0
10.210187435150146,0.0,0.0,0.004258116547579389,0.0,0.0,0.0
10.220510721206665,0.0,0.0,0.006912843788899678,0.0,0.0,0.0
10.230172395706177,0.0,0.0,0.006912843788899678,0.0,0.0,0.0
10.240210056304932,0.0,0.0,0.006912843788899678,0.0,0.0,0.0
10.250178813934326,0.0,0.0,0.006912843788899678,0.0,0.0,0.0
10.260174989700317,0.0,0.0,0.006912843788899678,0.0,0.0,0.0
10.27018427848816,0.0,0.0,0.004935704037953439,0.0,0.0,0.0
10.28016972541809,0.0,0.0,0.004935704037953439,0.0,0.0,0.0
10.290210247039795,0.0,0.0,0.004935704037953439,0.0,0.0,0.0
10.300211906433105,0.0,0.0,0.004935704037953439,0.0,0.0,0.0
10.310180187225342,0.0,0.0,-0.003635596001789763,0.0,0.0,0.0
10.320181846618652,0.0,0.0,-0.003635596001789763,0.0,0.0,0.0
10.33017611503601,0.0,0.0,-0.003635596001789763,0.0,0.0,0.0
10.34017300605774,0.0,0.0,-0.003635596001789763,0.0,0.0,0.0
10.350165843963623,0.0,0.0,-0.003635596001789763,0.0,0.0,0.0
10.360168695449829,0.0,0.0,-0.008199468625820305,0.0,0.0,0.0
10.370453834533691,0.0,0.0,-0.008805828395210975,0.0,0.0,0.0
10.380181789398193,0.0,0.0,-0.008805828395210975,0.0,0.0,0.0
10.390170097351074,0.0,0.0,-0.008805828395210975,0.0,0.0,0.0
10.400167465209961,0.0,0.0,-0.008805828395210975,0.0,0.0,0.0
10.410175800323486,0.0,0.0,-0.008805828395210975,0.0,0.0,0.0
10.420172691345215,0.0,0.0,-0.003658090784299608,0.0,0.0,0.0
10.430172681808472,0.0,0.0,-0.003658090784299608,0.0,0.0,0.0
10.44018006324768,0.0,0.0,-0.003658090784299608,0.0,0.0,0.0
10.45017671585083,0.0,0.0,-0.003658090784299608,0.0,0.0,0.0
10.460179328918457,0.0,0.0,0.0025230769169181143,0.0,0.0,0.0
10.470216989517212,0.0,0.0,0.0025230769169181143,0.0,0.0,0.0
10.480189085006714,0.0,0.0,0.0025230769169181143,0.0,0.0,0.0
10.490172147750854,0.0,0.0,0.0025230769169181143,0.0,0.0,0.0
10.500437498092651,0.0,0.0,0.008236330763920217,0.0,0.0,0.0
10.51019835472107,0.0,0.0,0.008236330763920217,0.0,0.0,0.0
10.520159006118774,0.0,0.0,0.008236330763920217,0.0,0.0,0.0
10.530168771743774,0.0,0.0,0.008236330763920217,0.0,0.0,0.0
10.54019284248352,0.0,0.0,0.008236330763920217,0.0,0.0,0.0
10.550182819366455,0.0,0.0,0.003899331305830014,0.0,0.0,0.0
10.560194969177246,0.0,0.0,0.003899331305830014,0.0,0.0,0.0
10.57017993927002,0.0,0.0,0.003899331305830014,0.0,0.0,0.0
10.580172777175903,0.0,0.0,0.003899331305830014,0.0,0.0,0.0
10.59017300605774,0.0,0.0,-0.0011234674952065938,0.0,0.0,0.0
10.600170612335205,0.0,0.0,-0.0011234674952065938,0.0,0.0,0.0
10.610179424285889,0.0,0.0,-0.0059924631486934655,0.0,0.0,0.0
10.620166540145874,0.0,0.0,-0.0059924631486934655,0.0,0.0,0.0
10.630170583724976,0.0,0.0,-0.0059924631486934655,0.0,0.0,0.0
10.64018177986145,0.0,0.0,-0.0059924631486934655,0.0,0.0,0.0
10.650166034698486,0.0,0.0,-0.0059924631486934655,0.0,0.0,0.0
10.660173654556274,0.0,0.0,-0.0055719265067838645,0.0,0.0,0.0
10.670197010040283,0.0,0.0,-0.0055719265067838645,0.0,0.0,0.0
10.680178165435791,0.0,0.0,-0.0055719265067838645,0.0,0.0,0.0
10.69017481803894,0.0,0.0,-0.0055719265067838645,0.0,0.0,0.0
10.700316429138184,0.0,0.0,-0.0021144098605228923,0.0,0.0,0.0
10.71017575263977,0.0,0.0,-0.0021144098605228923,0.0,0.0,0.0
10.720188617706299,0.0,0.0,-0.0021144098605228923,0.0,0.0,0.0
10.730170011520386,0.0,0.0,-0.0021144098605228923,0.0,0.0,0.0
10.74017882347107,0.0,0.0,-0.0021144098605228923,0.0,0.0,0.0
10.75019383430481,0.0,0.0,0.006089165325607198,0.0,0.0,0.0
10.76018238067627,0.0,0.0,0.006089165325607198,0.0,0.0,0.0
10.770191192626953,0.0,0.0,0.006089165325607198,0.0,0.0,0.0
10.780169010162354,0.0,0.0,0.006089165325607198,0.0,0.0,0.0
10.79016900062561,0.0,0.0,0.006089165325607198,0.0,0.0,0.0
10.800242900848389,0.0,0.0,0.00751442728827624,0.0,0.0,0.0
10.810200691223145,0.0,0.0,0.00751442728827624,0.0,0.0,0.0
10.820198774337769,0.0,0.0,0.0051714006068757715,0.0,0.0,0.0
10.83018970489502,0.0,0.0,0.0051714006068757715,0.0,0.0,0.0
10.840182304382324,0.0,0.0,0.0051714006068757715,0.0,0.0,0.0
10.850175142288208,0.0,0.0,0.0051714006068757715,0.0,0.0,0.0
10.860182285308838,0.0,0.0,0.0002421663536990959,0.0,0.0,0.0
10.8701810836792,0.0,0.0,0.0002421663536990959,0.0,0.0,0.0
10.8801851272583,0.0,0.0,0.0002421663536990959,0.0,0.0,0.0
10.890186071395874,0.0,0.0,0.0002421663536990959,0.0,0.0,0.0
10.900172233581543,0.0,0.0,0.0002421663536990959,0.0,0.0,0.0
10.910174369812012,0.0,0.0,-0.004951110486696688,0.0,0.0,0.0
10.92039704322815,0.0,0.0,-0.004951110486696688,0.0,0.0,0.0
10.930353164672852,0.0,0.0,-0.004951110486696688,0.0,0.0,0.0
10.940419673919678,0.0,0.0,-0.004951110486696688,0.0,0.0,0.0
10.950358152389526,0.0,0.0,-0.004951110486696688,0.0,0.0,0.0
10.960428714752197,0.0,0.0,-0.006459939878168619,0.0,0.0,0.0
10.970355033874512,0.0,0.0,-0.006459939878168619,0.0,0.0,0.0
10.980269432067871,0.0,0.0,-0.006459939878168619,0.0,0.0,0.0
10.990362405776978,0.0,0.0,-0.006459939878168619,0.0,0.0,0.0
11.000560760498047,0.0,0.0,-0.0024159472184976227,0.0,0.0,0.0
11.010386943817139,0.0,0.0,-0.0024159472184976227,0.0,0.0,0.0
11.020268440246582,0.0,0.0,0.0011395098556378437,0.0,0.0,0.0
11.030351638793945,0.0,0.0,0.0011395098556378437,0.0,0.0,0.0
11.040310621261597,0.0,0.0,0.0011395098556378437,0.0,0.0,0.0
11.050336122512817,0.0,0.0,0.0011395098556378437,0.0,0.0,0.0
11.060211420059204,0.0,0.0,0.0050458042631990095,0.0,0.0,0.0
11.070152044296265,0.0,0.0,0.0050458042631990095,0.0,0.0,0.0
11.080182552337646,0.0,0.0,0.0050458042631990095,0.0,0.0,0.0
11.090339660644531,0.0,0.0,0.0050458042631990095,0.0,0.0,0.0
11.100247383117676,0.0,0.0,0.0050458042631990095,0.0,0.0,0.0
11.110224962234497,0.0,0.0,0.005504586344319877,0.0,0.0,0.0
11.120182037353516,0.0,0.0,0.005504586344319877,0.0,0.0,0.0
11.130178451538086,0.0,0.0,0.005504586344319877,0.0,0.0,0.0
11.140177965164185,0.0,0.0,0.005504586344319877,0.0,0.0,0.0
11.150168895721436,0.0,0.0,0.005504586344319877,0.0,0.0,0.0
11.16018795967102,0.0,0.0,0.0026987321688750486,0.0,0.0,0.0
11.170177936553955,0.0,0.0,0.0026987321688750486,0.0,0.0,0.0
11.180162191390991,0.0,0.0,0.0026987321688750486,0.0,0.0,0.0
11.190160751342773,0.0,0.0,0.0026987321688750486,0.0,0.0,0.0
11.200313091278076,0.0,0.0,-0.0055713624220817696,0.0,0.0,0.0
11.21018099784851,0.0,0.0,-0.0055713624220817696,0.0,0.0,0.0
11.220249891281128,0.0,0.0,-0.0055713624220817696,0.0,0.0,0.0
11.230290651321411,0.0,0.0,-0.0055713624220817696,0.0,0.0,0.0
11.24019980430603,0.0,0.0,-0.0055713624220817696,0.0,0.0,0.0
11.25017786026001,0.0,0.0,-0.009597127244580212,0.0,0.0,0.0
11.260170698165894,0.0,0.0,-0.007255609910431735,0.0,0.0,0.0
11.270251512527466,0.0,0.0,-0.007255609910431735,0.0,0.0,0.0
11.280219554901123,0.0,0.0,-0.007255609910431735,0.0,0.0,0.0
11.290184497833252,0.0,0.0,-0.007255609910431735,0.0,0.0,0.0
11.300194501876831,0.0,0.0,-0.002052326055903819,0.0,0.0,0.0
11.310261249542236,0.0,0.0,-0.002052326055903819,0.0,0.0,0.0
11.320184707641602,0.0,0.0,-0.002052326055903819,0.0,0.0,0.0
11.330163955688477,0.0,0.0,-0.002052326055903819,0.0,0.0,0.0
11.34046983718872,0.0,0.0,0.0034937672120532604,0.0,0.0,0.0
11.350349426269531,0.0,0.0,0.0034937672120532604,0.0,0.0,0.0
11.360258102416992,0.0,0.0,0.0034937672120532604,0.0,0.0,0.0
11.37036395072937,0.0,0.0,0.0034937672120532604,0.0,0.0,0.0
11.380289316177368,0.0,0.0,0.0034937672120532604,0.0,0.0,0.0
11.390399694442749,0.0,0.0,0.007301370703607502,0.0,0.0,0.0
11.400417804718018,0.0,0.0,0.007301370703607502,0.0,0.0,0.0
11.41038465499878,0.0,0.0,0.007301370703607502,0.0,0.0,0.0
11.420330286026001,0.0,0.0,0.007301370703607502,0.0,0.0,0.0
11.43035888671875,0.0,0.0,0.002353159108114076,0.0,0.0,0.0
11.44034743309021,0.0,0.0,0.002353159108114076,0.0,0.0,0.0
11.450345754623413,0.0,0.0,0.002353159108114076,0.0,0.0,0.0
11.460313558578491,0.0,0.0,0.002353159108114076,0.0,0.0,0.0
11.47026014328003,0.0,0.0,0.002353159108114076,0.0,0.0,0.0
11.480226278305054,0.0,0.0,-0.0017032400154496053,0.0,0.0,0.0
11.490196704864502,0.0,0.0,-0.0017032400154496053,0.0,0.0,0.0
11.500182151794434,0.0,0.0,-0.0054344378493839775,0.0,0.0,0.0
11.510180473327637,0.0,0.0,-0.0054344378493839775,0.0,0.0,0.0
11.520182132720947,0.0,0.0,-0.0054344378493839775,0.0,0.0,0.0
11.5301673412323,0.0,0.0,-0.0054344378493839775,0.0,0.0,0.0
11.540259838104248,0.0,0.0,-0.006520773462654832,0.0,0.0,0.0
11.550200700759888,0.0,0.0,-0.006520773462654832,0.0,0.0,0.0
11.560224771499634,0.0,0.0,-0.006520773462654832,0.0,0.0,0.0
11.570216178894043,0.0,0.0,-0.006520773462654832,0.0,0.0,0.0
11.580177783966064,0.0,0.0,-0.006520773462654832,0.0,0.0,0.0
11.59018874168396,0.0,0.0,-0.0035046646969806973,0.0,0.0,0.0
11.600175380706787,0.0,0.0,-0.0035046646969806973,0.0,0.0,0.0
11.610167980194092,0.0,0.0,-0.0035046646969806973,0.0,0.0,0.0
11.620169878005981,0.0,0.0,-0.0035046646969806973,0.0,0.0,0.0
11.630180597305298,0.0,0.0,-0.0035046646969806973,0.0,0.0,0.0
11.640174627304077,0.0,0.0,0.006278362800184638,0.0,0.0,0.0
11.65017032623291,0.0,0.0,0.006278362800184638,0.0,0.0,0.0
11.660161018371582,0.0,0.0,0.006278362800184638,0.0,0.0,0.0
11.670169353485107,0.0,0.0,0.006278362800184638,0.0,0.0,0.0
11.680176258087158,0.0,0.0,0.00911539091174885,0.0,0.0,0.0
11.690180778503418,0.0,0.0,0.00911539091174885,0.0,0.0,0.0
11.700181245803833,0.0,0.0,0.007847720485139362,0.0,0.0,0.0
11.710239171981812,0.0,0.0,0.007847720485139362,0.0,0.0,0.0
11.72025203704834,0.0,0.0,0.007847720485139362,0.0,0.0,0.0
11.730178356170654,0.0,0.0,0.007847720485139362,0.0,0.0,0.0
11.740170240402222,0.0,0.0,0.007847720485139362,0.0,0.0,0.0
11.750178813934326,0.0,0.0,0.001653265525679455,0.0,0.0,0.0
11.760184049606323,0.0,0.0,0.001653265525679455,0.0,0.0,0.0
11.77019715309143,0.0,0.0,0.001653265525679455,0.0,0.0,0.0
11.78018593788147,0.0,0.0,0.001653265525679455,0.0,0.0,0.0
11.790211915969849,0.0,0.0,0.001653265525679455,0.0,0.0,0.0
11.800109624862671,0.0,0.0,-0.004703437292056289,0.0,0.0,0.0
11.81012487411499,0.0,0.0,-0.004703437292056289,0.0,0.0,0.0
11.82010531425476,0.0,0.0,-0.004703437292056289,0.0,0.0,0.0
11.830063581466675,0.0,0.0,-0.004703437292056289,0.0,0.0,0.0
11.840057611465454,0.0,0.0,-0.008725913436399288,0.0,0.0,0.0
11.850072622299194,0.0,0.0,-0.008725913436399288,0.0,0.0,0.0
11.860089540481567,0.0,0.0,-0.008725913436399288,0.0,0.0,0.0
11.870110511779785,0.0,0.0,-0.008725913436399288,0.0,0.0,0.0
11.880264282226562,0.0,0.0,-0.00623458879503394,0.0,0.0,0.0
11.89015507698059,0.0,0.0,-0.00623458879503394,0.0,0.0,0.0
11.900659322738647,0.0,0.0,-0.0010736073397076583,0.0,0.0,0.0
11.91022253036499,0.0,0.0,-0.0010736073397076583,0.0,0.0,0.0
11.920226097106934,0.0,0.0,-0.0010736073397076583,0.0,0.0,0.0
11.930311918258667,0.0,0.0,-0.0010736073397076583,0.0,0.0,0.0
11.940435886383057,0.0,0.0,-0.0010736073397076583,0.0,0.0,0.0
11.95034384727478,0.0,0.0,0.0033802230208456498,0.0,0.0,0.0
11.960323810577393,0.0,0.0,0.0033802230208456498,0.0,0.0,0.0
11.970386505126953,0.0,0.0,0.0033802230208456498,0.0,0.0,0.0
11.980427026748657,0.0,0.0,0.0033802230208456498,0.0,0.0,0.0
11.990296125411987,0.0,0.0,0.0033802230208456498,0.0,0.0,0.0
12.00035548210144,0.0,0.0,0.006147136109308829,0.0,0.0,0.0
12.01038646697998,0.0,0.0,0.006147136109308829,0.0,0.0,0.0
12.021122694015503,0.0,0.0,0.006147136109308829,0.0,0.0,0.0
12.030357360839844,0.0,0.0,0.006147136109308829,0.0,0.0,0.0
12.040440320968628,0.0,0.0,0.001983244358131584,0.0,0.0,0.0
12.050291776657104,0.0,0.0,0.001983244358131584,0.0,0.0,0.0
12.060259580612183,0.0,0.0,0.001983244358131584,0.0,0.0,0.0
12.070160865783691,0.0,0.0,0.001983244358131584,0.0,0.0,0.0
12.080137968063354,0.0,0.0,0.001983244358131584,0.0,0.0,0.0
12.090235471725464,0.0,0.0,-0.0016327929164153866,0.0,0.0,0.0
12.100354433059692,0.0,0.0,-0.0016327929164153866,0.0,0.0,0.0
12.11038327217102,0.0,0.0,-0.005451539370302241,0.0,0.0,0.0
12.120416641235352,0.0,0.0,-0.005451539370302241,0.0,0.0,0.0
12.130349397659302,0.0,0.0,-0.005451539370302241,0.0,0.0,0.0
12.140350818634033,0.0,0.0,-0.005451539370302241,0.0,0.0,0.0
12.150277376174927,0.0,0.0,-0.006029130023421896,0.0,0.0,0.0
12.160269975662231,0.0,0.0,-0.006029130023421896,0.0,0.0,0.0
12.170296430587769,0.0,0.0,-0.006029130023421896,0.0,0.0,0.0
12.180216789245605,0.0,0.0,-0.006029130023421896,0.0,0.0,0.0
12.190300464630127,0.0,0.0,-0.006029130023421896,0.0,0.0,0.0
12.200265884399414,0.0,0.0,-0.0025023132913225155,0.0,0.0,0.0
12.210284948348999,0.0,0.0,-0.0025023132913225155,0.0,0.0,0.0
12.220237016677856,0.0,0.0,-0.0025023132913225155,0.0,0.0,0.0
12.23029899597168,0.0,0.0,-0.0025023132913225155,0.0,0.0,0.0
12.240384817123413,0.0,0.0,0.0021600760632366355,0.0,0.0,0.0
12.250291109085083,0.0,0.0,0.0021600760632366355,0.0,0.0,0.0
12.260255813598633,0.0,0.0,0.0021600760632366355,0.0,0.0,0.0
12.270293474197388,0.0,0.0,0.0021600760632366355,0.0,0.0,0.0
12.280223369598389,0.0,0.0,0.0021600760632366355,0.0,0.0,0.0
12.290238380432129,0.0,0.0,0.007501654057660181,0.0,0.0,0.0
12.300229787826538,0.0,0.0,0.007501654057660181,0.0,0.0,0.0
12.310214519500732,0.0,0.0,0.007501654057660181,0.0,0.0,0.0
12.320170640945435,0.0,0.0,0.007501654057660181,0.0,0.0,0.0
12.330207824707031,0.0,0.0,0.007501654057660181,0.0,0.0,0.0
12.340203285217285,0.0,0.0,0.0074287057837822525,0.0,0.0,0.0
12.350218296051025,0.0,0.0,0.0031893728743826255,0.0,0.0,0.0
12.360230684280396,0.0,0.0,0.0031893728743826255,0.0,0.0,0.0
12.370203733444214,0.0,0.0,0.0031893728743826255,0.0,0.0,0.0
12.380171298980713,0.0,0.0,0.0031893728743826255,0.0,0.0,0.0
12.390203952789307,0.0,0.0,-0.001162880466472238,0.0,0.0,0.0
12.40029239654541,0.0,0.0,-0.001162880466472238,0.0,0.0,0.0
12.410314321517944,0.0,0.0,-0.001162880466472238,0.0,0.0,0.0
12.420245885848999,0.0,0.0,-0.001162880466472238,0.0,0.0,0.0
12.430241823196411,0.0,0.0,-0.001162880466472238,0.0,0.0,0.0
12.440206289291382,0.0,0.0,-0.006219426121046245,0.0,0.0,0.0
12.450178146362305,0.0,0.0,-0.006219426121046245,0.0,0.0,0.0
12.460170984268188,0.0,0.0,-0.006219426121046245,0.0,0.0,0.0
12.470175504684448,0.0,0.0,-0.006219426121046245,0.0,0.0,0.0
12.480180263519287,0.0,0.0,-0.007245098956103018,0.0,0.0,0.0
12.490348100662231,0.0,0.0,-0.007245098956103018,0.0,0.0,0.0
12.500287294387817,0.0,0.0,-0.007245098956103018,0.0,0.0,0.0
12.51036286354065,0.0,0.0,-0.007245098956103018,0.0,0.0,0.0
12.520361185073853,0.0,0.0,-0.007245098956103018,0.0,0.0,0.0
12.530355453491211,0.0,0.0,-0.000663876859982011,0.0,0.0,0.0
12.540356636047363,0.0,0.0,-0.000663876859982011,0.0,0.0,0.0
12.550353288650513,0.0,0.0,-0.000663876859982011,0.0,0.0,0.0
12.560338973999023,0.0,0.0,-0.000663876859982011,0.0,0.0,0.0
12.57020115852356,0.0,0.0,-0.000663876859982011,0.0,0.0,0.0
12.580379009246826,0.0,0.0,0.007910144457096138,0.0,0.0,0.0
12.590332984924316,0.0,0.0,0.007910144457096138,0.0,0.0,0.0
12.600272417068481,0.0,0.0,0.007910144457096138,0.0,0.0,0.0
12.610381126403809,0.0,0.0,0.007910144457096138,0.0,0.0,0.0
12.620463609695435,0.0,0.0,0.007910144457096138,0.0,0.0,0.0
12.630344152450562,0.0,0.0,0.00615714039613323,0.0,0.0,0.0
12.640400886535645,0.0,0.0,0.00615714039613323,0.0,0.0,0.0
12.650350570678711,0.0,0.0,0.00615714039613323,0.0,0.0,0.0
12.660274744033813,0.0,0.0,0.00615714039613323,0.0,0.0,0.0
12.670352458953857,0.0,0.0,0.00615714039613323,0.0,0.0,0.0
12.68026328086853,0.0,0.0,0.0030885222266631286,0.0,0.0,0.0
12.690199613571167,0.0,0.0,0.0030885222266631286,0.0,0.0,0.0
12.700274229049683,0.0,0.0,0.0030885222266631286,0.0,0.0,0.0
12.71039342880249,0.0,0.0,0.0030885222266631286,0.0,0.0,0.0
12.720420360565186,0.0,0.0,-0.005899752900877901,0.0,0.0,0.0
12.730349063873291,0.0,0.0,-0.005899752900877901,0.0,0.0,0.0
12.740357160568237,0.0,0.0,-0.005899752900877901,0.0,0.0,0.0
12.750362873077393,0.0,0.0,-0.005899752900877901,0.0,0.0,0.0
12.760420083999634,0.0,0.0,-0.008095516225200746,0.0,0.0,0.0
12.7703697681427,0.0,0.0,-0.008095516225200746,0.0,0.0,0.0
12.780367851257324,0.0,0.0,-0.008095516225200746,0.0,0.0,0.0
12.79026484489441,0.0,0.0,-0.006729778512864541,0.0,0.0,0.0
12.800202131271362,0.0,0.0,-0.006729778512864541,0.0,0.0,0.0
12.810229301452637,0.0,0.0,-0.006729778512864541,0.0,0.0,0.0
12.820229530334473,0.0,0.0,-0.006729778512864541,0.0,0.0,0.0
12.830259084701538,0.0,0.0,-0.006729778512864541,0.0,0.0,0.0
12.840193510055542,0.0,0.0,-0.0011507944956500981,0.0,0.0,0.0
12.850243330001831,0.0,0.0,-0.0011507944956500981,0.0,0.0,0.0
12.860281705856323,0.0,0.0,-0.0011507944956500981,0.0,0.0,0.0
12.870204448699951,0.0,0.0,-0.0011507944956500981,0.0,0.0,0.0
12.88025164604187,0.0,0.0,0.004452092621043038,0.0,0.0,0.0
12.89022445678711,0.0,0.0,0.004452092621043038,0.0,0.0,0.0
12.900192260742188,0.0,0.0,0.004452092621043038,0.0,0.0,0.0
12.910193681716919,0.0,0.0,0.004452092621043038,0.0,0.0,0.0
12.920241355895996,0.0,0.0,0.004452092621043038,0.0,0.0,0.0
12.93022871017456,0.0,0.0,0.007847412563758907,0.0,0.0,0.0
12.94018840789795,0.0,0.0,0.007847412563758907,0.0,0.0,0.0
12.95017957687378,0.0,0.0,0.007847412563758907,0.0,0.0,0.0
12.960175514221191,0.0,0.0,0.007847412563758907,0.0,0.0,0.0
12.970189332962036,0.0,0.0,0.007847412563758907,0.0,0.0,0.0
12.980190753936768,0.0,0.0,0.0039596263661770695,0.0,0.0,0.0
12.990203142166138,0.0,0.0,-0.00040725526785095667,0.0,0.0,0.0
13.00017762184143,0.0,0.0,-0.00040725526785095667,0.0,0.0,0.0
13.010205745697021,0.0,0.0,-0.00040725526785095667,0.0,0.0,0.0
13.020179271697998,0.0,0.0,-0.00040725526785095667,0.0,0.0,0.0
13.030259609222412,0.0,0.0,-0.00040725526785095667,0.0,0.0,0.0
13.040311098098755,0.0,0.0,-0.003651010655989078,0.0,0.0,0.0
13.050200700759888,0.0,0.0,-0.003651010655989078,0.0,0.0,0.0
13.060165166854858,0.0,0.0,-0.003651010655989078,0.0,0.0,0.0
13.070077657699585,0.0,0.0,-0.003651010655989078,0.0,0.0,0.0
13.080071687698364,0.0,0.0,-0.005719583115234226,0.0,0.0,0.0
13.09009599685669,0.0,0.0,-0.005719583115234226,0.0,0.0,0.0
13.100161075592041,0.0,0.0,-0.005719583115234226,0.0,0.0,0.0
13.11017918586731,0.0,0.0,-0.005719583115234226,0.0,0.0,0.0
13.120165586471558,0.0,0.0,-0.005719583115234226,0.0,0.0,0.0
13.130207538604736,0.0,0.0,-0.0004818014360527556,0.0,0.0,0.0
13.140208959579468,0.0,0.0,-0.0004818014360527556,0.0,0.0,0.0
13.150190591812134,0.0,0.0,-0.0004818014360527556,0.0,0.0,0.0
13.160192489624023,0.0,0.0,-0.0004818014360527556,0.0,0.0,0.0
13.170172929763794,0.0,0.0,-0.0004818014360527556,0.0,0.0,0.0
13.180212020874023,0.0,0.0,0.0028357152887832893,0.0,0.0,0.0
13.190206050872803,0.0,0.0,0.0028357152887832893,0.0,0.0,0.0
13.200217485427856,0.0,0.0,0.0067925427408221765,0.0,0.0,0.0
13.210213422775269,0.0,0.0,0.0067925427408221765,0.0,0.0,0.0
13.22018313407898,0.0,0.0,0.0067925427408221765,0.0,0.0,0.0
13.230243921279907,0.0,0.0,0.0067925427408221765,0.0,0.0,0.0
13.240300178527832,0.0,0.0,0.0041511054014923944,0.0,0.0,0.0
13.25019121170044,0.0,0.0,0.0041511054014923944,0.0,0.0,0.0
13.260196447372437,0.0,0.0,0.0041511054014923944,0.0,0.0,0.0
13.270202159881592,0.0,0.0,0.0041511054014923944,0.0,0.0,0.0
13.28061056137085,0.0,0.0,0.0008101675616991067,0.0,0.0,0.0
13.290197610855103,0.0,0.0,0.0008101675616991067,0.0,0.0,0.0
13.300192832946777,0.0,0.0,0.0008101675616991067,0.0,0.0,0.0
13.310176849365234,0.0,0.0,0.0008101675616991067,0.0,0.0,0.0
13.320189714431763,0.0,0.0,0.0008101675616991067,0.0,0.0,0.0
13.330209732055664,0.0,0.0,-0.003483212159000697,0.0,0.0,0.0
13.340211868286133,0.0,0.0,-0.003483212159000697,0.0,0.0,0.0
13.350276708602905,0.0,0.0,-0.003483212159000697,0.0,0.0,0.0
13.360230922698975,0.0,0.0,-0.003483212159000697,0.0,0.0,0.0
13.37024712562561,0.0,0.0,-0.003483212159000697,0.0,0.0,0.0
13.380249261856079,0.0,0.0,-0.006655584588277064,0.0,0.0,0.0
13.39026427268982,0.0,0.0,-0.006655584588277064,0.0,0.0,0.0
13.400256395339966,0.0,0.0,-0.006655584588277064,0.0,0.0,0.0
13.410151720046997,0.0,0.0,-0.006655584588277064,0.0,0.0,0.0
13.420075416564941,0.0,0.0,-0.006655584588277064,0.0,0.0,0.0
13.43005084991455,0.0,0.0,-0.006655584588277064,0.0,0.0,0.0
13.440042734146118,0.0,0.0,-0.006655584588277064,0.0,0.0,0.0
13.45009970664978,0.0,0.0,-0.006655584588277064,0.0,0.0,0.0
13.460055351257324,0.0,0.0,-0.006655584588277064,0.0,0.0,0.0
13.47005820274353,0.0,0.0,-0.006655584588277064,0.0,0.0,0.0
13.480057001113892,0.0,0.0,-0.006655584588277064,0.0,0.0,0.0
13.490052461624146,0.0,0.0,-0.006655584588277064,0.0,0.0,0.0
13.500053405761719,0.0,0.0,-0.006655584588277064,0.0,0.0,0.0
13.510085582733154,0.0,0.0,-0.006655584588277064,0.0,0.0,0.0
13.520082950592041,0.0,0.0,-0.006655584588277064,0.0,0.0,0.0
13.53007960319519,0.0,0.0,-0.006655584588277064,0.0,0.0,0.0
13.540074586868286,0.0,0.0,-0.006655584588277064,0.0,0.0,0.0
13.55010461807251,0.0,0.0,-0.006655584588277064,0.0,0.0,0.0
13.560073852539062,0.0,0.0,-0.006655584588277064,0.0,0.0,0.0
13.570072889328003,0.0,0.0,-0.006655584588277064,0.0,0.0,0.0
13.580059051513672,0.0,0.0,-0.006655584588277064,0.0,0.0,0.0
13.590062379837036,0.0,0.0,-0.006655584588277064,0.0,0.0,0.0
13.600066184997559,0.0,0.0,-0.006655584588277064,0.0,0.0,0.0
13.610075235366821,0.0,0.0,-0.006655584588277064,0.0,0.0,0.0
13.620071649551392,0.0,0.0,-0.006655584588277064,0.0,0.0,0.0
13.630100011825562,0.0,0.0,-0.006655584588277064,0.0,0.0,0.0
13.640094995498657,0.0,0.0,-0.006655584588277064,0.0,0.0,0.0
13.650108814239502,0.0,0.0,-0.006655584588277064,0.0,0.0,0.0
13.660074234008789,0.0,0.0,-0.006655584588277064,0.0,0.0,0.0
13.670106649398804,0.0,0.0,-0.006655584588277064,0.0,0.0,0.0
13.680100679397583,0.0,0.0,-0.006655584588277064,0.0,0.0,0.0
13.690098762512207,0.0,0.0,-0.006655584588277064,0.0,0.0,0.0
13.700106382369995,0.0,0.0,-0.006655584588277064,0.0,0.0,0.0
13.710103273391724,0.0,0.0,-0.006655584588277064,0.0,0.0,0.0
13.72013545036316,0.0,0.0,-0.006655584588277064,0.0,0.0,0.0
13.730135679244995,0.0,0.0,-0.006655584588277064,0.0,0.0,0.0
13.740134000778198,0.0,0.0,-0.006655584588277064,0.0,0.0,0.0
13.750136852264404,0.0,0.0,-0.006655584588277064,0.0,0.0,0.0
13.760080337524414,0.0,0.0,-0.006655584588277064,0.0,0.0,0.0
13.770138263702393,0.0,0.0,-0.006655584588277064,0.0,0.0,0.0
13.780143976211548,0.0,0.0,-0.006655584588277064,0.0,0.0,0.0
13.790138959884644,0.0,0.0,-0.006655584588277064,0.0,0.0,0.0
13.800138235092163,0.0,0.0,-0.006655584588277064,0.0,0.0,0.0
13.810136556625366,0.0,0.0,-0.006655584588277064,0.0,0.0,0.0
13.82008695602417,0.0,0.0,-0.006655584588277064,0.0,0.0,0.0
13.830123662948608,0.0,0.0,-0.006655584588277064,0.0,0.0,0.0
13.84006929397583,0.0,0.0,-0.006655584588277064,0.0,0.0,0.0
13.850066661834717,0.0,0.0,-0.006655584588277064,0.0,0.0,0.0
13.860066175460815,0.0,0.0,-0.006655584588277064,0.0,0.0,0.0
13.87006163597107,0.0,0.0,-0.006655584588277064,0.0,0.0,0.0
13.8800687789917,0.0,0.0,-0.006655584588277064,0.0,0.0,0.0
13.890064716339111,0.0,0.0,-0.006655584588277064,0.0,0.0,0.0
13.900060415267944,0.0,0.0,-0.006655584588277064,0.0,0.0,0.0
13.910067558288574,0.0,0.0,-0.006655584588277064,0.0,0.0,0.0
13.920070886611938,0.0,0.0,-0.006655584588277064,0.0,0.0,0.0
13.930108547210693,0.0,0.0,-0.006655584588277064,0.0,0.0,0.0
13.940077543258667,0.0,0.0,-0.006655584588277064,0.0,0.0,0.0
13.950111389160156,0.0,0.0,-0.006655584588277064,0.0,0.0,0.0
13.960068702697754,0.0,0.0,-0.006655584588277064,0.0,0.0,0.0
13.970104932785034,0.0,0.0,-0.006655584588277064,0.0,0.0,0.0
13.980092525482178,0.0,0.0,-0.006655584588277064,0.0,0.0,0.0
13.990123510360718,0.0,0.0,-0.006655584588277064,0.0,0.0,0.0
14.000078201293945,0.0,0.0,-0.006655584588277064,0.0,0.0,0.0
14.010109663009644,0.0,0.0,-0.006655584588277064,0.0,0.0,0.0
14.020073413848877,0.0,0.0,-0.006655584588277064,0.0,0.0,0.0
14.03010368347168,0.0,0.0,-0.006655584588277064,0.0,0.0,0.0
14.040067911148071,0.0,0.0,-0.006655584588277064,0.0,0.0,0.0
14.050107955932617,0.0,0.0,-0.006655584588277064,0.0,0.0,0.0
14.060075759887695,0.0,0.0,-0.006655584588277064,0.0,0.0,0.0
14.07007646560669,0.0,0.0,-0.006655584588277064,0.0,0.0,0.0
14.080061912536621,0.0,0.0,-0.006655584588277064,0.0,0.0,0.0
14.090064764022827,0.0,0.0,-0.006655584588277064,0.0,0.0,0.0
14.100136280059814,0.0,0.0,-0.006655584588277064,0.0,0.0,0.0
14.110158681869507,0.0,0.0,-0.006655584588277064,0.0,0.0,0.0
14.120167255401611,0.0,0.0,-0.006655584588277064,0.0,0.0,0.0
14.130154132843018,0.0,0.0,-0.006655584588277064,0.0,0.0,0.0
14.140086650848389,0.0,0.0,-0.006655584588277064,0.0,0.0,0.0
14.15011978149414,0.0,0.0,-0.006655584588277064,0.0,0.0,0.0
14.160154819488525,0.0,0.0,-0.006655584588277064,0.0,0.0,0.0
14.17032766342163,0.0,0.0,-0.006655584588277064,0.0,0.0,0.0
14.180275917053223,0.0,0.0,-0.006655584588277064,0.0,0.0,0.0
14.1903555393219,0.0,0.0,-0.006655584588277064,0.0,0.0,0.0
14.200497388839722,0.0,0.0,-0.006655584588277064,0.0,0.0,0.0
14.210279941558838,0.0,0.0,-0.006655584588277064,0.0,0.0,0.0
14.220393419265747,0.0,0.0,-0.006655584588277064,0.0,0.0,0.0
14.230262517929077,0.0,0.0,-0.006655584588277064,0.0,0.0,0.0
14.240148305892944,0.0,0.0,-0.006655584588277064,0.0,0.0,0.0
14.250111103057861,0.0,0.0,-0.006655584588277064,0.0,0.0,0.0
14.260074853897095,0.0,0.0,-0.006655584588277064,0.0,0.0,0.0
14.270092010498047,0.0,0.0,-0.006655584588277064,0.0,0.0,0.0
14.28007435798645,0.0,0.0,-0.006655584588277064,0.0,0.0,0.0
14.290108442306519,0.0,0.0,-0.006655584588277064,0.0,0.0,0.0
14.300073385238647,0.0,0.0,-0.006655584588277064,0.0,0.0,0.0
14.310112476348877,0.0,0.0,-0.006655584588277064,0.0,0.0,0.0
14.320074558258057,0.0,0.0,-0.006655584588277064,0.0,0.0,0.0
14.330097198486328,0.0,0.0,-0.006655584588277064,0.0,0.0,0.0
14.340141534805298,0.0,0.0,-0.006655584588277064,0.0,0.0,0.0
14.3502516746521,0.0,0.0,-0.006655584588277064,0.0,0.0,0.0
14.360338687896729,0.0,0.0,-0.006655584588277064,0.0,0.0,0.0
14.370352268218994,0.0,0.0,-0.006655584588277064,0.0,0.0,0.0
14.380358695983887,0.0,0.0,-0.006655584588277064,0.0,0.0,0.0
14.390355348587036,0.0,0.0,-0.006655584588277064,0.0,0.0,0.0
14.400270700454712,0.0,0.0,-0.006655584588277064,0.0,0.0,0.0
14.410107851028442,0.0,0.0,-0.006655584588277064,0.0,0.0,0.0
14.420105457305908,0.0,0.0,-0.006655584588277064,0.0,0.0,0.0
14.430102109909058,0.0,0.0,-0.006655584588277064,0.0,0.0,0.0
14.440058469772339,0.0,0.0,-0.006655584588277064,0.0,0.0,0.0
14.450061321258545,0.0,0.0,-0.006655584588277064,0.0,0.0,0.0
14.460109949111938,0.0,0.0,-0.006655584588277064,0.0,0.0,0.0
14.470075130462646,0.0,0.0,-0.006655584588277064,0.0,0.0,0.0
14.480108261108398,0.0,0.0,-0.006655584588277064,0.0,0.0,0.0
14.490142107009888,0.0,0.0,-0.006655584588277064,0.0,0.0,0.0
14.500093936920166,0.0,0.0,-0.006655584588277064,0.0,0.0,0.0
14.510149478912354,0.0,0.0,-0.006655584588277064,0.0,0.0,0.0
14.52012038230896,0.0,0.0,-0.006655584588277064,0.0,0.0,0.0
14.530296087265015,0.0,0.0,-0.006655584588277064,0.0,0.0,0.0
14.54027271270752,0.0,0.0,-0.006655584588277064,0.0,0.0,0.0
14.550291299819946,0.0,0.0,-0.006655584588277064,0.0,0.0,0.0
14.560367107391357,0.0,0.0,-0.006655584588277064,0.0,0.0,0.0
14.570341110229492,0.0,0.0,-0.006655584588277064,0.0,0.0,0.0
14.58029317855835,0.0,0.0,-0.006655584588277064,0.0,0.0,0.0
14.590232133865356,0.0,0.0,-0.006655584588277064,0.0,0.0,0.0
14.600218057632446,0.0,0.0,-0.006655584588277064,0.0,0.0,0.0
14.610346794128418,0.0,0.0,-0.006655584588277064,0.0,0.0,0.0
14.620318412780762,0.0,0.0,-0.006655584588277064,0.0,0.0,0.0
14.63036823272705,0.0,0.0,-0.006655584588277064,0.0,0.0,0.0
14.640639781951904,0.0,0.0,-0.006655584588277064,0.0,0.0,0.0
14.65022873878479,0.0,0.0,-0.006655584588277064,0.0,0.0,0.0
14.660099029541016,0.0,0.0,-0.006655584588277064,0.0,0.0,0.0
14.670129537582397,0.0,0.0,-0.006655584588277064,0.0,0.0,0.0
14.680139541625977,0.0,0.0,-0.006655584588277064,0.0,0.0,0.0
14.690164566040039,0.0,0.0,-0.006655584588277064,0.0,0.0,0.0
14.700131177902222,0.0,0.0,-0.006655584588277064,0.0,0.0,0.0
14.710066795349121,0.0,0.0,-0.006655584588277064,0.0,0.0,0.0
14.720070362091064,0.0,0.0,-0.006655584588277064,0.0,0.0,0.0
14.73009991645813,0.0,0.0,-0.006655584588277064,0.0,0.0,0.0
14.740161180496216,0.0,0.0,-0.006655584588277064,0.0,0.0,0.0
14.750226259231567,0.0,0.0,-0.006655584588277064,0.0,0.0,0.0
14.760201692581177,0.0,0.0,-0.006655584588277064,0.0,0.0,0.0
14.770362138748169,0.0,0.0,-0.006655584588277064,0.0,0.0,0.0
14.780374526977539,0.0,0.0,-0.006655584588277064,0.0,0.0,0.0
14.79038381576538,0.0,0.0,-0.006655584588277064,0.0,0.0,0.0
14.800292015075684,0.0,0.0,-0.006655584588277064,0.0,0.0,0.0
14.81038522720337,0.0,0.0,-0.006655584588277064,0.0,0.0,0.0
14.820287466049194,0.0,0.0,-0.006655584588277064,0.0,0.0,0.0
14.830375909805298,0.0,0.0,-0.006655584588277064,0.0,0.0,0.0
14.840407609939575,0.0,0.0,-0.006655584588277064,0.0,0.0,0.0
14.850337505340576,0.0,0.0,-0.006655584588277064,0.0,0.0,0.0
14.86038327217102,0.0,0.0,-0.006655584588277064,0.0,0.0,0.0
14.87036943435669,0.0,0.0,-0.006655584588277064,0.0,0.0,0.0
14.880375623703003,0.0,0.0,-0.006655584588277064,0.0,0.0,0.0
14.890368223190308,0.0,0.0,-0.006655584588277064,0.0,0.0,0.0
14.900366306304932,0.0,0.0,-0.006655584588277064,0.0,0.0,0.0
14.910373449325562,0.0,0.0,-0.006655584588277064,0.0,0.0,0.0
14.920307397842407,0.0,0.0,-0.006655584588277064,0.0,0.0,0.0
14.930387735366821,0.0,0.0,-0.006655584588277064,0.0,0.0,0.0
14.940361261367798,0.0,0.0,-0.006655584588277064,0.0,0.0,0.0
14.950369596481323,0.0,0.0,-0.006655584588277064,0.0,0.0,0.0
14.960377216339111,0.0,0.0,-0.006655584588277064,0.0,0.0,0.0
14.970366954803467,0.0,0.0,-0.006655584588277064,0.0,0.0,0.0
14.980366945266724,0.0,0.0,-0.006655584588277064,0.0,0.0,0.0
14.990371942520142,0.0,0.0,-0.006655584588277064,0.0,0.0,0.0
15.000365734100342,0.0,0.0,-0.006655584588277064,0.0,0.0,0.0
15.010357856750488,0.0,0.0,-0.006655584588277064,0.0,0.0,0.0
15.020365953445435,0.0,0.0,-0.006655584588277064,0.0,0.0,0.0
15.030358076095581,0.0,0.0,-0.006655584588277064,0.0,0.0,0.0
15.04036545753479,0.0,0.0,-0.006655584588277064,0.0,0.0,0.0
15.050575017929077,0.0,0.0,-0.006655584588277064,0.0,0.0,0.0
15.060157060623169,0.0,0.0,-0.006655584588277064,0.0,0.0,0.0
15.070141315460205,0.0,0.0,-0.006655584588277064,0.0,0.0,0.0
15.080194473266602,0.0,0.0,-0.006655584588277064,0.0,0.0,0.0
15.090222120285034,0.0,0.0,-0.006655584588277064,0.0,0.0,0.0
15.100291013717651,0.0,0.0,-0.006655584588277064,0.0,0.0,0.0
15.110321760177612,0.0,0.0,-0.006655584588277064,0.0,0.0,0.0
15.120250940322876,0.0,0.0,-0.006655584588277064,0.0,0.0,0.0
15.13030195236206,0.0,0.0,-0.006655584588277064,0.0,0.0,0.0
15.140309572219849,0.0,0.0,-0.006655584588277064,0.0,0.0,0.0
15.150305986404419,0.0,0.0,-0.006655584588277064,0.0,0.0,0.0
15.160333395004272,0.0,0.0,-0.006655584588277064,0.0,0.0,0.0
15.170294523239136,0.0,0.0,-0.006655584588277064,0.0,0.0,0.0
15.180287837982178,0.0,0.0,-0.006655584588277064,0.0,0.0,0.0
15.190296649932861,0.0,0.0,-0.006655584588277064,0.0,0.0,0.0
15.200287342071533,0.0,0.0,-0.006655584588277064,0.0,0.0,0.0
15.21028733253479,0.0,0.0,-0.006655584588277064,0.0,0.0,0.0
15.220284938812256,0.0,0.0,-0.006655584588277064,0.0,0.0,0.0
15.23028016090393,0.0,0.0,-0.006655584588277064,0.0,0.0,0.0
15.24028468132019,0.0,0.0,-0.006655584588277064,0.0,0.0,0.0
15.250288248062134,0.0,0.0,-0.006655584588277064,0.0,0.0,0.0
15.260288715362549,0.0,0.0,-0.006655584588277064,0.0,0.0,0.0
15.270286321640015,0.0,0.0,-0.006655584588277064,0.0,0.0,0.0
15.280404090881348,0.0,0.0,-0.006655584588277064,0.0,0.0,0.0
15.290277004241943,0.0,0.0,-0.006655584588277064,0.0,0.0,0.0
15.300395011901855,0.0,0.0,-0.006655584588277064,0.0,0.0,0.0
15.310288906097412,0.0,0.0,-0.006655584588277064,0.0,0.0,0.0
15.320197105407715,0.0,0.0,-0.006655584588277064,0.0,0.0,0.0
15.330302953720093,0.0,0.0,-0.006655584588277064,0.0,0.0,0.0
15.340197801589966,0.0,0.0,-0.006655584588277064,0.0,0.0,0.0
15.350136995315552,0.0,0.0,-0.006655584588277064,0.0,0.0,0.0
15.360116004943848,0.0,0.0,-0.006655584588277064,0.0,0.0,0.0
15.37018632888794,0.0,0.0,-0.006655584588277064,0.0,0.0,0.0
15.380211114883423,0.0,0.0,-0.006655584588277064,0.0,0.0,0.0
15.390287399291992,0.0,0.0,-0.006655584588277064,0.0,0.0,0.0
15.400264501571655,0.0,0.0,-0.006655584588277064,0.0,0.0,0.0
15.41036057472229,0.0,0.0,-0.006655584588277064,0.0,0.0,0.0
15.420442581176758,0.0,0.0,-0.006655584588277064,0.0,0.0,0.0
15.430341482162476,0.0,0.0,-0.006655584588277064,0.0,0.0,0.0
15.440290927886963,0.0,0.0,-0.006655584588277064,0.0,0.0,0.0
15.450297832489014,0.0,0.0,-0.006655584588277064,0.0,0.0,0.0
15.460285425186157,0.0,0.0,-0.006655584588277064,0.0,0.0,0.0
15.470394372940063,0.0,0.0,-0.006655584588277064,0.0,0.0,0.0
15.480277299880981,0.0,0.0,-0.006655584588277064,0.0,0.0,0.0
15.49036455154419,0.0,0.0,-0.006655584588277064,0.0,0.0,0.0
15.500374555587769,0.0,0.0,-0.006655584588277064,0.0,0.0,0.0
15.510353565216064,0.0,0.0,-0.006655584588277064,0.0,0.0,0.0
15.52027702331543,0.0,0.0,-0.006655584588277064,0.0,0.0,0.0
15.53032112121582,0.0,0.0,-0.006655584588277064,0.0,0.0,0.0
15.540232181549072,0.0,0.0,-0.006655584588277064,0.0,0.0,0.0
15.550263404846191,0.0,0.0,-0.006655584588277064,0.0,0.0,0.0
15.560251235961914,0.0,0.0,-0.006655584588277064,0.0,0.0,0.0
15.570209264755249,0.0,0.0,-0.006655584588277064,0.0,0.0,0.0
15.580252647399902,0.0,0.0,-0.006655584588277064,0.0,0.0,0.0
15.590309858322144,0.0,0.0,-0.006655584588277064,0.0,0.0,0.0
15.600296020507812,0.0,0.0,-0.006655584588277064,0.0,0.0,0.0
15.610286235809326,0.0,0.0,-0.006655584588277064,0.0,0.0,0.0
15.620359182357788,0.0,0.0,-0.006655584588277064,0.0,0.0,0.0
15.630361557006836,0.0,0.0,-0.006655584588277064,0.0,0.0,0.0
15.640357494354248,0.0,0.0,-0.006655584588277064,0.0,0.0,0.0
15.650356769561768,0.0,0.0,-0.006655584588277064,0.0,0.0,0.0
15.660268306732178,0.0,0.0,-0.006655584588277064,0.0,0.0,0.0
15.670358180999756,0.0,0.0,-0.006655584588277064,0.0,0.0,0.0
15.680362224578857,0.0,0.0,-0.006655584588277064,0.0,0.0,0.0
15.690358400344849,0.0,0.0,-0.006655584588277064,0.0,0.0,0.0
15.700366973876953,0.0,0.0,-0.006655584588277064,0.0,0.0,0.0
15.710362434387207,0.0,0.0,-0.006655584588277064,0.0,0.0,0.0
15.7203528881073,0.0,0.0,-0.006655584588277064,0.0,0.0,0.0
15.730262994766235,0.0,0.0,-0.006655584588277064,0.0,0.0,0.0
15.740382671356201,0.0,0.0,-0.006655584588277064,0.0,0.0,0.0
15.750365495681763,0.0,0.0,-0.006655584588277064,0.0,0.0,0.0
15.760293960571289,0.0,0.0,-0.006655584588277064,0.0,0.0,0.0
15.770360946655273,0.0,0.0,-0.006655584588277064,0.0,0.0,0.0
15.780369281768799,0.0,0.0,-0.006655584588277064,0.0,0.0,0.0
15.790363550186157,0.0,0.0,-0.006655584588277064,0.0,0.0,0.0
15.800368070602417,0.0,0.0,-0.006655584588277064,0.0,0.0,0.0
15.810375452041626,0.0,0.0,-0.006655584588277064,0.0,0.0,0.0
15.820357084274292,0.0,0.0,-0.006655584588277064,0.0,0.0,0.0
15.83035397529602,0.0,0.0,-0.006655584588277064,0.0,0.0,0.0
15.840271711349487,0.0,0.0,-0.006655584588277064,0.0,0.0,0.0
15.850357294082642,0.0,0.0,-0.006655584588277064,0.0,0.0,0.0
15.860278606414795,0.0,0.0,-0.006655584588277064,0.0,0.0,0.0
15.870357990264893,0.0,0.0,-0.006655584588277064,0.0,0.0,0.0
15.880334615707397,0.0,0.0,-0.006655584588277064,0.0,0.0,0.0
15.89035940170288,0.0,0.0,-0.006655584588277064,0.0,0.0,0.0
15.9002685546875,0.0,0.0,-0.006655584588277064,0.0,0.0,0.0
15.910359144210815,0.0,0.0,-0.006655584588277064,0.0,0.0,0.0
15.920267820358276,0.0,0.0,-0.006655584588277064,0.0,0.0,0.0
15.930357933044434,0.0,0.0,-0.006655584588277064,0.0,0.0,0.0
15.940388917922974,0.0,0.0,-0.006655584588277064,0.0,0.0,0.0
15.950356483459473,0.0,0.0,-0.006655584588277064,0.0,0.0,0.0
15.960270643234253,0.0,0.0,-0.006655584588277064,0.0,0.0,0.0
15.970362424850464,0.0,0.0,-0.006655584588277064,0.0,0.0,0.0
15.98036241531372,0.0,0.0,-0.006655584588277064,0.0,0.0,0.0
