time_sec,x,y,z,roll,pitch,yaw
1755467484.189128,0.12231713029944276,-0.06282414745313299,-1.6507349185279057,-0.27556933651148946,-0.01919757798031476,0.03612783851764387
1755467484.2225003,0.12212701484959287,-0.06317403926712654,-1.6469463932431543,-0.25421143073039704,0.016349747349081584,0.02770148977725749
1755467484.255873,0.13175197620909285,-0.06666775438023227,-1.7781087665292195,-0.33916021407739505,-0.026687640276906063,0.02382821319203848
1755467484.2892463,0.13175197620909285,-0.06666775438023227,-1.7781087665292195,-0.33916021407739505,-0.026687640276906063,0.02382821319203848
1755467484.3226202,0.13175197620909285,-0.06666775438023227,-1.7781087665292195,-0.33916021407739505,-0.026687640276906063,0.02382821319203848
1755467484.355993,0.12052741574007486,-0.061193448576823906,-1.6329590035529742,-0.116774374804225,-0.21876225588574436,0.06624574070001704
1755467484.3894289,0.13175197620909285,-0.06666775438023227,-1.7781087665292195,-0.33916021407739505,-0.026687640276906063,0.02382821319203848
1755467484.4228673,0.13161400613801894,-0.06708823920190861,-1.77534007120341,-0.3179552950018695,0.0017380180313870135,0.015200135382729168
1755467484.4563074,0.13175197620909285,-0.06666775438023227,-1.7781087665292195,-0.33916021407739505,-0.026687640276906063,0.02382821319203848
1755467484.4897501,0.13161400613801894,-0.06708823920190861,-1.77534007120341,-0.3179552950018695,0.0017380180313870135,0.015200135382729168
1755467484.523195,0.12231713029944276,-0.06282414745313299,-1.6507349185279057,-0.27556933651148946,-0.01919757798031476,0.03612783851764387
1755467484.556642,0.12212701484959287,-0.06317403926712654,-1.6469463932431543,-0.25421143073039704,0.016349747349081584,0.02770148977725749
1755467484.5900915,0.13161400613801894,-0.06708823920190861,-1.77534007120341,-0.3179552950018695,0.0017380180313870135,0.015200135382729168
1755467484.6235433,0.13161400613801894,-0.06708823920190861,-1.77534007120341,-0.3179552950018695,0.0017380180313870135,0.015200135382729168
1755467484.656997,0.13175197620909285,-0.06666775438023227,-1.7781087665292195,-0.33916021407739505,-0.026687640276906063,0.02382821319203848
1755467484.6904533,0.11936558954161373,-0.06017716296177687,-1.618835738660898,-0.13821145307118204,-0.2653321261826719,0.075490732568346
1755467484.7239115,0.13175197620909285,-0.06666775438023227,-1.7781087665292195,-0.33916021407739505,-0.026687640276906063,0.02382821319203848
1755467484.7573724,0.12224289331667625,-0.06290704845962317,-1.649103897788839,-0.2096091852587506,-0.0035638231978972227,0.03569078915943493
1755467484.7908351,0.12197528767094379,-0.06310989445422759,-1.6408618420502519,0.18892260589780738,-0.06493193710343732,0.04491377553779553
1755467484.8243003,0.11935452970269692,-0.06451071251224252,-1.6258461367220844,0.2698770981494593,-0.13764383581607165,0.04762081359456931
1755467484.8577676,0.12231713029944276,-0.06282414745313299,-1.6507349185279057,-0.27556933651148946,-0.01919757798031476,0.03612783851764387
1755467484.8912373,0.12226012903558764,-0.06359144318934888,-1.639747679711019,-0.14557920746155983,0.09980620711519636,0.03148337599245312
1755467484.9247093,0.13175197620909285,-0.06666775438023227,-1.7781087665292195,-0.33916021407739505,-0.026687640276906063,0.02382821319203848
1755467484.9581833,0.13175197620909285,-0.06666775438023227,-1.7781087665292195,-0.33916021407739505,-0.026687640276906063,0.02382821319203848
1755467484.9916596,0.12212701484959287,-0.06317403926712654,-1.6469463932431543,-0.25421143073039704,0.016349747349081584,0.02770148977725749
1755467485.0251381,0.1196590812090968,-0.05976538752202499,-1.6224245541848787,-0.18124423398777142,-0.2517845428113055,0.08194378383829448
1755467485.058619,0.1208629646652192,-0.06113985901559589,-1.6435992347009978,-0.12001208064693779,-0.21982116971499502,0.07406250979891926
1755467485.0921023,0.11814656059897799,-0.06133920326970462,-1.6112363407141717,-0.2520726582538644,0.016592677982252522,0.03389377531455627
1755467485.1255877,0.12212701484959287,-0.06317403926712654,-1.6469463932431543,-0.25421143073039704,0.016349747349081584,0.02770148977725749
1755467485.1590753,0.1202953773266656,-0.05987941152020086,-1.6183349805747858,-0.2336933809755204,0.13237943960258303,0.001472746921416891
1755467485.1925652,0.13161400613801894,-0.06708823920190861,-1.77534007120341,-0.3179552950018695,0.0017380180313870135,0.015200135382729168
1755467485.226057,0.12231713029944276,-0.06282414745313299,-1.6507349185279057,-0.27556933651148946,-0.01919757798031476,0.03612783851764387
1755467485.2595515,0.12052741574007486,-0.061193448576823906,-1.6329590035529742,-0.116774374804225,-0.21876225588574436,0.06624574070001704
1755467485.2930481,0.13175197620909285,-0.06666775438023227,-1.7781087665292195,-0.33916021407739505,-0.026687640276906063,0.02382821319203848
1755467485.326547,0.12231713029944276,-0.06282414745313299,-1.6507349185279057,-0.27556933651148946,-0.01919757798031476,0.03612783851764387
1755467485.3600442,0.12172058811307819,-0.06339003282873612,-1.6401357507902294,-0.2399376144158098,0.05537188776535215,0.01913613137585957
1755467485.3934324,0.13175197620909285,-0.06666775438023227,-1.7781087665292195,-0.33916021407739505,-0.026687640276906063,0.02382821319203848
1755467485.426821,0.12248441451501713,-0.06314253133530054,-1.6578808455945289,-0.25538114409047186,0.019461528277117085,0.03471701092855976
1755467485.4602108,0.13176377804062414,-0.06724528550271716,-1.7789336797252586,-0.3106078556366929,-0.04914548577374665,0.0322514595900955
1755467485.4936013,0.12208842688937353,-0.06336949106413933,-1.6512214160162266,-0.2406704261786669,0.05758225706129128,0.026253627955321317
1755467485.5269923,0.12155019342619144,-0.06314260885055537,-1.6425474574986514,-0.19265915442394482,0.0938499211127711,0.010540521114012854
1755467485.5603845,0.12212701484959287,-0.06317403926712654,-1.6469463932431543,-0.25421143073039704,0.016349747349081584,0.02770148977725749
1755467485.5937777,0.12118563116597322,-0.06277960380420117,-1.6266929121051463,-0.2763228988133083,0.06432705985141932,0.018744005939179808
1755467485.627171,0.13161400613801894,-0.06708823920190861,-1.77534007120341,-0.3179552950018695,0.0017380180313870135,0.015200135382729168
1755467485.6605659,0.12170910614254112,-0.06247976496903289,-1.6399466551012583,-0.24010899904858637,0.05640367771737382,0.018927105152073517
1755467485.6939611,0.12008108579420634,-0.06130058675235439,-1.589219208901303,0.25705764043654994,0.018951684121716002,0.039579536772198116
1755467485.7273574,0.13175197620909285,-0.06666775438023227,-1.7781087665292195,-0.33916021407739505,-0.026687640276906063,0.02382821319203848
1755467485.7607543,0.12040916376248088,-0.061546160840411125,-1.6248186753005853,-0.02720190455465429,-0.20574242140147306,0.058702703078796784
1755467485.794152,0.12212701484959287,-0.06317403926712654,-1.6469463932431543,-0.25421143073039704,0.016349747349081584,0.02770148977725749
1755467485.827551,0.1320843205749017,-0.06709325078654052,-1.7882912165915907,-0.31925270218209334,0.005111617347155078,0.022642767412532603
1755467485.8609502,0.12046001423380354,-0.058859111555855256,-1.6026585320380464,-0.44613262873360815,-0.02109534545031995,0.06044331878303166
1755467485.8943503,0.12248441451501713,-0.06314253133530054,-1.6578808455945289,-0.25538114409047186,0.019461528277117085,0.03471701092855976
1755467485.9277515,0.13175197620909285,-0.06666775438023227,-1.7781087665292195,-0.33916021407739505,-0.026687640276906063,0.02382821319203848
1755467485.9611533,0.12105048290010116,-0.06285014623610878,-1.6397297902653107,-0.27427887192886113,-0.020821864572358288,0.029011615400208142
1755467485.994556,0.13175197620909285,-0.06666775438023227,-1.7781087665292195,-0.33916021407739505,-0.026687640276906063,0.02382821319203848
1755467486.0279596,0.12170364270931924,-0.06155798837680012,-1.6465500603601602,-0.17362668599366662,-0.1468552649647708,0.06300711806222475
1755467486.0613637,0.12135360715853424,-0.06159871115916746,-1.6356939217408226,-0.17153209111410755,-0.14514777880882304,0.05529326338154941
1755467486.0947688,0.12041105893027938,-0.06076292422455656,-1.6249634660390169,-0.16904410598292152,-0.20379150628851067,0.0648507834797914
1755467486.1281748,0.12187072052659559,-0.06177570457178599,-1.6391416290945748,-0.14564975802418226,-0.03942727506706756,0.051436396289083176
1755467486.1615815,0.12212701484959287,-0.06317403926712654,-1.6469463932431543,-0.25421143073039704,0.016349747349081584,0.02770148977725749
1755467486.194989,0.12183909379601646,-0.061888761595815356,-1.641805676694846,-0.13779958461624253,0.04630536639634906,0.019198592512603148
1755467486.2283974,0.12105048290010116,-0.06285014623610878,-1.6397297902653107,-0.27427887192886113,-0.020821864572358288,0.029011615400208142
1755467486.2618067,0.13175197620909285,-0.06666775438023227,-1.7781087665292195,-0.33916021407739505,-0.026687640276906063,0.02382821319203848
1755467486.2952166,0.12231713029944276,-0.06282414745313299,-1.6507349185279057,-0.27556933651148946,-0.01919757798031476,0.03612783851764387
1755467486.3286273,0.13175197620909285,-0.06666775438023227,-1.7781087665292195,-0.33916021407739505,-0.026687640276906063,0.02382821319203848
1755467486.362038,0.1213418479287972,-0.06232437116720183,-1.6279201188334036,0.06423448358394887,-0.10683417483771776,0.04665626395460502
1755467486.3953948,0.12052741574007486,-0.061193448576823906,-1.6329590035529742,-0.116774374804225,-0.21876225588574436,0.06624574070001704
1755467486.428752,0.12102689714493871,-0.06193171816209913,-1.6393120491607953,-0.2742313504758455,-0.017913672487907466,0.02847083859451472
1755467486.462109,0.13175197620909285,-0.06666775438023227,-1.7781087665292195,-0.33916021407739505,-0.026687640276906063,0.02382821319203848
1755467486.4954662,0.12074390794481972,-0.063874102654638,-1.6421395005435102,0.10765450974214306,-0.23747726086246113,0.038721944126769006
1755467486.5288231,0.12212701484959287,-0.06317403926712654,-1.6469463932431543,-0.25421143073039704,0.016349747349081584,0.02770148977725749
1755467486.5621805,0.13175197620909285,-0.06666775438023227,-1.7781087665292195,-0.33916021407739505,-0.026687640276906063,0.02382821319203848
1755467486.5955377,0.12351179874387316,-0.06378558260015077,-1.6600762466708596,-0.21120722151872387,-0.00259517329492711,0.042916666298288296
1755467486.6288946,0.13175197620909285,-0.06666775438023227,-1.7781087665292195,-0.33916021407739505,-0.026687640276906063,0.02382821319203848
1755467486.6622517,0.13161400613801894,-0.06708823920190861,-1.77534007120341,-0.3179552950018695,0.0017380180313870135,0.015200135382729168
1755467486.6956089,0.13161400613801894,-0.06708823920190861,-1.77534007120341,-0.3179552950018695,0.0017380180313870135,0.015200135382729168
1755467486.7289658,0.13175197620909285,-0.06666775438023227,-1.7781087665292195,-0.33916021407739505,-0.026687640276906063,0.02382821319203848
1755467486.762323,0.12052741574007486,-0.061193448576823906,-1.6329590035529742,-0.116774374804225,-0.21876225588574436,0.06624574070001704
1755467486.7956803,0.12208842688937353,-0.06336949106413933,-1.6512214160162266,-0.2406704261786669,0.05758225706129128,0.026253627955321317
1755467486.8290372,0.13175197620909285,-0.06666775438023227,-1.7781087665292195,-0.33916021407739505,-0.026687640276906063,0.02382821319203848
1755467486.8623943,0.12239124765762821,-0.06311029220046013,-1.6417740188104608,-0.19226326831219154,0.09441709331079655,0.024676484951805952
1755467486.8957512,0.11989637535490986,-0.06147451678761269,-1.6253479317410435,-0.06721806238906293,-0.24885875098233315,0.06049640381156246
1755467486.9291084,0.1320843205749017,-0.06709325078654052,-1.7882912165915907,-0.31925270218209334,0.005111617347155078,0.022642767412532603
1755467486.9624655,0.13161400613801894,-0.06708823920190861,-1.77534007120341,-0.3179552950018695,0.0017380180313870135,0.015200135382729168
1755467486.9958224,0.13161400613801894,-0.06708823920190861,-1.77534007120341,-0.3179552950018695,0.0017380180313870135,0.015200135382729168
1755467487.0291796,0.13161400613801894,-0.06708823920190861,-1.77534007120341,-0.3179552950018695,0.0017380180313870135,0.015200135382729168
1755467487.0625367,0.12212701484959287,-0.06317403926712654,-1.6469463932431543,-0.25421143073039704,0.016349747349081584,0.02770148977725749
1755467487.0958939,0.13175197620909285,-0.06666775438023227,-1.7781087665292195,-0.33916021407739505,-0.026687640276906063,0.02382821319203848
1755467487.1292508,0.13175197620909285,-0.06666775438023227,-1.7781087665292195,-0.33916021407739505,-0.026687640276906063,0.02382821319203848
1755467487.162608,0.13175197620909285,-0.06666775438023227,-1.7781087665292195,-0.33916021407739505,-0.026687640276906063,0.02382821319203848
1755467487.1959648,0.12105048290010116,-0.06285014623610878,-1.6397297902653107,-0.27427887192886113,-0.020821864572358288,0.029011615400208142
1755467487.229322,0.1320843205749017,-0.06709325078654052,-1.7882912165915907,-0.31925270218209334,0.005111617347155078,0.022642767412532603
1755467487.2626789,0.12224289331667625,-0.06290704845962317,-1.649103897788839,-0.2096091852587506,-0.0035638231978972227,0.03569078915943493
1755467487.2960362,0.12212701484959287,-0.06317403926712654,-1.6469463932431543,-0.25421143073039704,0.016349747349081584,0.02770148977725749
1755467487.3293931,0.13175197620909285,-0.06666775438023227,-1.7781087665292195,-0.33916021407739505,-0.026687640276906063,0.02382821319203848
1755467487.3627503,0.12208842688937353,-0.06336949106413933,-1.6512214160162266,-0.2406704261786669,0.05758225706129128,0.026253627955321317
1755467487.396107,0.12041105893027938,-0.06076292422455656,-1.6249634660390169,-0.16904410598292152,-0.20379150628851067,0.0648507834797914
1755467487.4294636,0.1207389753656073,-0.06070720769388875,-1.635471819583513,-0.1724000928299647,-0.20561095734569423,0.07271996099282876
1755467487.4628203,0.13161400613801894,-0.06708823920190861,-1.77534007120341,-0.3179552950018695,0.0017380180313870135,0.015200135382729168
1755467487.496177,0.13175197620909285,-0.06666775438023227,-1.7781087665292195,-0.33916021407739505,-0.026687640276906063,0.02382821319203848
1755467487.5295336,0.12231713029944276,-0.06282414745313299,-1.6507349185279057,-0.27556933651148946,-0.01919757798031476,0.03612783851764387
1755467487.5628903,0.13175197620909285,-0.06666775438023227,-1.7781087665292195,-0.33916021407739505,-0.026687640276906063,0.02382821319203848
1755467487.596247,0.12212701484959287,-0.06317403926712654,-1.6469463932431543,-0.25421143073039704,0.016349747349081584,0.02770148977725749
1755467487.629604,0.13171684588127797,-0.067719509827517,-1.7773106852067764,-0.28453181519314724,-0.0182433137334168,0.02350612378783539
1755467487.6629608,0.13175197620909285,-0.06666775438023227,-1.7781087665292195,-0.33916021407739505,-0.026687640276906063,0.02382821319203848
1755467487.6963174,0.12231713029944276,-0.06282414745313299,-1.6507349185279057,-0.27556933651148946,-0.01919757798031476,0.03612783851764387
1755467487.729674,0.13175197620909285,-0.06666775438023227,-1.7781087665292195,-0.33916021407739505,-0.026687640276906063,0.02382821319203848
1755467487.7630308,0.13220425847529116,-0.06675534530819076,-1.7905485837733428,-0.284701217947222,-0.01686559409636624,0.03143831437414485
1755467487.7963874,0.1208523168653878,-0.060118932224759294,-1.6234841422979918,-0.22193425734530753,-0.16247677805731228,0.041355984880736996
1755467487.829744,0.13175197620909285,-0.06666775438023227,-1.7781087665292195,-0.33916021407739505,-0.026687640276906063,0.02382821319203848
1755467487.8631008,0.12212701484959287,-0.06317403926712654,-1.6469463932431543,-0.25421143073039704,0.016349747349081584,0.02770148977725749
1755467487.8964574,0.12212701484959287,-0.06317403926712654,-1.6469463932431543,-0.25421143073039704,0.016349747349081584,0.02770148977725749
1755467487.929814,0.13179168251517764,-0.06742849133439308,-1.783340062703673,-0.3011105424355497,0.03625295966930318,0.013984443380807557
1755467487.963171,0.12212701484959287,-0.06317403926712654,-1.6469463932431543,-0.25421143073039704,0.016349747349081584,0.02770148977725749
1755467487.9965277,0.11904480451790131,-0.05990760609692409,-1.6073484471465707,-0.23450607101495397,0.13239007800856856,-0.005784441840409243
1755467488.0298843,0.11997429973206271,-0.06341536567866203,-1.6082460403891106,0.2872318014524655,-0.06800551376003877,0.023561069888879967
1755467488.063241,0.13175197620909285,-0.06666775438023227,-1.7781087665292195,-0.33916021407739505,-0.026687640276906063,0.02382821319203848
1755467488.0965977,0.13175197620909285,-0.06666775438023227,-1.7781087665292195,-0.33916021407739505,-0.026687640276906063,0.02382821319203848
1755467488.1299543,0.12248441451501713,-0.06314253133530054,-1.6578808455945289,-0.25538114409047186,0.019461528277117085,0.03471701092855976
1755467488.163311,0.13175197620909285,-0.06666775438023227,-1.7781087665292195,-0.33916021407739505,-0.026687640276906063,0.02382821319203848
1755467488.1966677,0.1193625468648333,-0.061549026341123886,-1.6252225482742582,-0.03679188138529568,-0.28449422373839006,0.06287778128232838
1755467488.2300243,0.13175197620909285,-0.06666775438023227,-1.7781087665292195,-0.33916021407739505,-0.026687640276906063,0.02382821319203848
1755467488.263381,0.13175197620909285,-0.06666775438023227,-1.7781087665292195,-0.33916021407739505,-0.026687640276906063,0.02382821319203848
1755467488.296738,0.12212701484959287,-0.06317403926712654,-1.6469463932431543,-0.25421143073039704,0.016349747349081584,0.02770148977725749
1755467488.3300943,0.13175197620909285,-0.06666775438023227,-1.7781087665292195,-0.33916021407739505,-0.026687640276906063,0.02382821319203848
1755467488.363451,0.13220425847529116,-0.06675534530819076,-1.7905485837733428,-0.284701217947222,-0.01686559409636624,0.03143831437414485
1755467488.3968077,0.13175197620909285,-0.06666775438023227,-1.7781087665292195,-0.33916021407739505,-0.026687640276906063,0.02382821319203848
1755467488.430164,0.12268859724170614,-0.06354692914069811,-1.6620125510958261,-0.1513399846582793,-0.02734720790925798,0.05090698198248286
1755467488.4635205,0.13175197620909285,-0.06666775438023227,-1.7781087665292195,-0.33916021407739505,-0.026687640276906063,0.02382821319203848
1755467488.496877,0.13175197620909285,-0.06666775438023227,-1.7781087665292195,-0.33916021407739505,-0.026687640276906063,0.02382821319203848
1755467488.5302334,0.12135360715853424,-0.06159871115916746,-1.6356939217408226,-0.17153209111410755,-0.14514777880882304,0.05529326338154941
1755467488.5635898,0.13175197620909285,-0.06666775438023227,-1.7781087665292195,-0.33916021407739505,-0.026687640276906063,0.02382821319203848
1755467488.5969462,0.1320843205749017,-0.06709325078654052,-1.7882912165915907,-0.31925270218209334,0.005111617347155078,0.022642767412532603
1755467488.6303027,0.13161400613801894,-0.06708823920190861,-1.77534007120341,-0.3179552950018695,0.0017380180313870135,0.015200135382729168
1755467488.663659,0.12231713029944276,-0.06282414745313299,-1.6507349185279057,-0.27556933651148946,-0.01919757798031476,0.03612783851764387
1755467488.6970155,0.13175197620909285,-0.06666775438023227,-1.7781087665292195,-0.33916021407739505,-0.026687640276906063,0.02382821319203848
1755467488.730372,0.12285312608262748,-0.06464216128641949,-1.6491405532436745,0.126098948977145,-0.14136887079583677,0.04150743824469884
1755467488.7637286,0.12176385958713196,-0.06223706133087966,-1.6471778619517514,-0.08817909128721571,-0.14549482281464232,0.05591998619203965
1755467488.797085,0.1222360896045034,-0.06380658604850252,-1.6489731955219262,-0.21076164119953936,-0.0023448530957179167,0.035441955433331174
1755467488.8304412,0.12212701484959287,-0.06317403926712654,-1.6469463932431543,-0.25421143073039704,0.016349747349081584,0.02770148977725749
1755467488.8637977,0.13175197620909285,-0.06666775438023227,-1.7781087665292195,-0.33916021407739505,-0.026687640276906063,0.02382821319203848
1755467488.897154,0.13175197620909285,-0.06666775438023227,-1.7781087665292195,-0.33916021407739505,-0.026687640276906063,0.02382821319203848
1755467488.9305103,0.13175197620909285,-0.06666775438023227,-1.7781087665292195,-0.33916021407739505,-0.026687640276906063,0.02382821319203848
1755467488.9638667,0.12218821243709004,-0.06308406381159631,-1.6528168222771775,-0.19367589550165024,0.04762623413930622,0.03397862024086509
1755467488.9972231,0.12041105893027938,-0.06076292422455656,-1.6249634660390169,-0.16904410598292152,-0.20379150628851067,0.0648507834797914
1755467489.0305793,0.12052741574007486,-0.061193448576823906,-1.6329590035529742,-0.116774374804225,-0.21876225588574436,0.06624574070001704
1755467489.0639358,0.11647886904286715,-0.06314005380940906,-1.5852008182703665,0.37618131279647427,-0.09014282373927704,0.04471525477957565
1755467489.097292,0.12105048290010116,-0.06285014623610878,-1.6397297902653107,-0.27427887192886113,-0.020821864572358288,0.029011615400208142
1755467489.1306484,0.13175197620909285,-0.06666775438023227,-1.7781087665292195,-0.33916021407739505,-0.026687640276906063,0.02382821319203848
1755467489.1640046,0.11936558954161373,-0.06017716296177687,-1.618835738660898,-0.13821145307118204,-0.2653321261826719,0.075490732568346
1755467489.197361,0.12212701484959287,-0.06317403926712654,-1.6469463932431543,-0.25421143073039704,0.016349747349081584,0.02770148977725749
1755467489.2307172,0.11936558954161373,-0.06017716296177687,-1.618835738660898,-0.13821145307118204,-0.2653321261826719,0.075490732568346
1755467489.2640734,0.12212701484959287,-0.06317403926712654,-1.6469463932431543,-0.25421143073039704,0.016349747349081584,0.02770148977725749
1755467489.29743,0.12024429323675893,-0.06142690799420592,-1.6360978473187855,-0.07156577589585986,-0.24952660106766855,0.06835799143468926
1755467489.3307862,0.12212701484959287,-0.06317403926712654,-1.6469463932431543,-0.25421143073039704,0.016349747349081584,0.02770148977725749
1755467489.3641424,0.12212701484959287,-0.06317403926712654,-1.6469463932431543,-0.25421143073039704,0.016349747349081584,0.02770148977725749
1755467489.3975015,0.13161400613801894,-0.06708823920190861,-1.77534007120341,-0.3179552950018695,0.0017380180313870135,0.015200135382729168
1755467489.4308603,0.12118563116597322,-0.06277960380420117,-1.6266929121051463,-0.2763228988133083,0.06432705985141932,0.018744005939179808
1755467489.4642196,0.12212701484959287,-0.06317403926712654,-1.6469463932431543,-0.25421143073039704,0.016349747349081584,0.02770148977725749
1755467489.4975784,0.12231713029944276,-0.06282414745313299,-1.6507349185279057,-0.27556933651148946,-0.01919757798031476,0.03612783851764387
1755467489.5309374,0.13161400613801894,-0.06708823920190861,-1.77534007120341,-0.3179552950018695,0.0017380180313870135,0.015200135382729168
1755467489.5642967,0.12212701484959287,-0.06317403926712654,-1.6469463932431543,-0.25421143073039704,0.016349747349081584,0.02770148977725749
1755467489.5976555,0.12189243681419473,-0.06348675050272405,-1.6408788200509719,0.1559736627120245,-0.09729253780920559,0.03920065751027077
1755467489.6310146,0.13161400613801894,-0.06708823920190861,-1.77534007120341,-0.3179552950018695,0.0017380180313870135,0.015200135382729168
1755467489.6643739,0.13175197620909285,-0.06666775438023227,-1.7781087665292195,-0.33916021407739505,-0.026687640276906063,0.02382821319203848
1755467489.697733,0.13161400613801894,-0.06708823920190861,-1.77534007120341,-0.3179552950018695,0.0017380180313870135,0.015200135382729168
1755467489.731092,0.12102689714493871,-0.06193171816209913,-1.6393120491607953,-0.2742313504758455,-0.017913672487907466,0.02847083859451472
1755467489.7644513,0.13175197620909285,-0.06666775438023227,-1.7781087665292195,-0.33916021407739505,-0.026687640276906063,0.02382821319203848
1755467489.7978103,0.13175197620909285,-0.06666775438023227,-1.7781087665292195,-0.33916021407739505,-0.026687640276906063,0.02382821319203848
1755467489.8311694,0.13161400613801894,-0.06708823920190861,-1.77534007120341,-0.3179552950018695,0.0017380180313870135,0.015200135382729168
1755467489.8645287,0.12113877492595161,-0.06093706009459824,-1.6333489531223586,-0.2267424546677806,-0.15918967114869495,0.06297002112034003
1755467489.8978877,0.12231713029944276,-0.06282414745313299,-1.6507349185279057,-0.27556933651148946,-0.01919757798031476,0.03612783851764387
1755467489.9312468,0.12248441451501713,-0.06314253133530054,-1.6578808455945289,-0.25538114409047186,0.019461528277117085,0.03471701092855976
1755467489.964606,0.13175197620909285,-0.06666775438023227,-1.7781087665292195,-0.33916021407739505,-0.026687640276906063,0.02382821319203848
1755467489.9979653,0.13175197620909285,-0.06666775438023227,-1.7781087665292195,-0.33916021407739505,-0.026687640276906063,0.02382821319203848
1755467490.0313244,0.11702614701894896,-0.06338305145655346,-1.6052279821654019,0.3262600404292653,-0.11056449237628037,0.05288899712157246
1755467490.0646837,0.12212701484959287,-0.06317403926712654,-1.6469463932431543,-0.25421143073039704,0.016349747349081584,0.02770148977725749
1755467490.098043,0.1223523054183407,-0.06250568474566758,-1.6520617765974224,-0.23890728513055837,-0.04644066943930189,0.04443929922461072
1755467490.131402,0.13175197620909285,-0.06666775438023227,-1.7781087665292195,-0.33916021407739505,-0.026687640276906063,0.02382821319203848
1755467490.1647615,0.12212701484959287,-0.06317403926712654,-1.6469463932431543,-0.25421143073039704,0.016349747349081584,0.02770148977725749
1755467490.1981206,0.13175197620909285,-0.06666775438023227,-1.7781087665292195,-0.33916021407739505,-0.026687640276906063,0.02382821319203848
1755467490.23148,0.13176377804062414,-0.06724528550271716,-1.7789336797252586,-0.3106078556366929,-0.04914548577374665,0.0322514595900955
1755467490.2648394,0.11629826509370056,-0.06020597759352688,-1.5900115043325036,-0.2275977963638999,-0.2831438897822313,0.08279981876567194
1755467490.2981985,0.12052741574007486,-0.061193448576823906,-1.6329590035529742,-0.116774374804225,-0.21876225588574436,0.06624574070001704
1755467490.3315578,0.12052741574007486,-0.061193448576823906,-1.6329590035529742,-0.116774374804225,-0.21876225588574436,0.06624574070001704
1755467490.3649173,0.13175197620909285,-0.06666775438023227,-1.7781087665292195,-0.33916021407739505,-0.026687640276906063,0.02382821319203848
1755467490.3982737,0.13175197620909285,-0.06666775438023227,-1.7781087665292195,-0.33916021407739505,-0.026687640276906063,0.02382821319203848
1755467490.4316304,0.1208629646652192,-0.06113985901559589,-1.6435992347009978,-0.12001208064693779,-0.21982116971499502,0.07406250979891926
1755467490.464987,0.11936558954161373,-0.06017716296177687,-1.618835738660898,-0.13821145307118204,-0.2653321261826719,0.075490732568346
1755467490.4983435,0.12212701484959287,-0.06317403926712654,-1.6469463932431543,-0.25421143073039704,0.016349747349081584,0.02770148977725749
1755467490.5317001,0.1208629646652192,-0.06113985901559589,-1.6435992347009978,-0.12001208064693779,-0.21982116971499502,0.07406250979891926
1755467490.5650568,0.1209479425302289,-0.059830818459875146,-1.6149645096364234,-0.4111005380299893,-0.023977594616624343,0.05491355582425577
1755467490.5984132,0.13161400613801894,-0.06708823920190861,-1.77534007120341,-0.3179552950018695,0.0017380180313870135,0.015200135382729168
1755467490.6317701,0.1320843205749017,-0.06709325078654052,-1.7882912165915907,-0.31925270218209334,0.005111617347155078,0.022642767412532603
1755467490.6651266,0.13175197620909285,-0.06666775438023227,-1.7781087665292195,-0.33916021407739505,-0.026687640276906063,0.02382821319203848
1755467490.6984832,0.13175197620909285,-0.06666775438023227,-1.7781087665292195,-0.33916021407739505,-0.026687640276906063,0.02382821319203848
1755467490.7318397,0.12052741574007486,-0.061193448576823906,-1.6329590035529742,-0.116774374804225,-0.21876225588574436,0.06624574070001704
1755467490.7651963,0.12299112193142807,-0.061751872815518145,-1.6508786860614906,-0.1499548657431286,0.05617106327417892,0.010523123720696487
1755467490.7985528,0.13175197620909285,-0.06666775438023227,-1.7781087665292195,-0.33916021407739505,-0.026687640276906063,0.02382821319203848
1755467490.8319094,0.13175197620909285,-0.06666775438023227,-1.7781087665292195,-0.33916021407739505,-0.026687640276906063,0.02382821319203848
1755467490.8652658,0.11936558954161373,-0.06017716296177687,-1.618835738660898,-0.13821145307118204,-0.2653321261826719,0.075490732568346
1755467490.8986223,0.13175197620909285,-0.06666775438023227,-1.7781087665292195,-0.33916021407739505,-0.026687640276906063,0.02382821319203848
1755467490.931979,0.12052741574007486,-0.061193448576823906,-1.6329590035529742,-0.116774374804225,-0.21876225588574436,0.06624574070001704
1755467490.9653354,0.13175197620909285,-0.06666775438023227,-1.7781087665292195,-0.33916021407739505,-0.026687640276906063,0.02382821319203848
1755467490.9986918,0.12212701484959287,-0.06317403926712654,-1.6469463932431543,-0.25421143073039704,0.016349747349081584,0.02770148977725749
1755467491.0320482,0.11997429973206271,-0.06341536567866203,-1.6082460403891106,0.2872318014524655,-0.06800551376003877,0.023561069888879967
1755467491.0654051,0.13175197620909285,-0.06666775438023227,-1.7781087665292195,-0.33916021407739505,-0.026687640276906063,0.02382821319203848
1755467491.0987616,0.12248441451501713,-0.06314253133530054,-1.6578808455945289,-0.25538114409047186,0.019461528277117085,0.03471701092855976
1755467491.132118,0.13176377804062414,-0.06724528550271716,-1.7789336797252586,-0.3106078556366929,-0.04914548577374665,0.0322514595900955
1755467491.1654744,0.12105048290010116,-0.06285014623610878,-1.6397297902653107,-0.27427887192886113,-0.020821864572358288,0.029011615400208142
1755467491.1988308,0.13175197620909285,-0.06666775438023227,-1.7781087665292195,-0.33916021407739505,-0.026687640276906063,0.02382821319203848
1755467491.2321873,0.13175197620909285,-0.06666775438023227,-1.7781087665292195,-0.33916021407739505,-0.026687640276906063,0.02382821319203848
1755467491.2655437,0.12231713029944276,-0.06282414745313299,-1.6507349185279057,-0.27556933651148946,-0.01919757798031476,0.03612783851764387
1755467491.2989001,0.13175197620909285,-0.06666775438023227,-1.7781087665292195,-0.33916021407739505,-0.026687640276906063,0.02382821319203848
1755467491.3322566,0.13175197620909285,-0.06666775438023227,-1.7781087665292195,-0.33916021407739505,-0.026687640276906063,0.02382821319203848
1755467491.365613,0.12212701484959287,-0.06317403926712654,-1.6469463932431543,-0.25421143073039704,0.016349747349081584,0.02770148977725749
1755467491.3989694,0.11973123062089883,-0.061117595939886395,-1.6179464987016638,-0.2688442980280449,0.09873954910433956,0.010179542289726935
1755467491.4323256,0.12052741574007486,-0.061193448576823906,-1.6329590035529742,-0.116774374804225,-0.21876225588574436,0.06624574070001704
1755467491.4656818,0.13175197620909285,-0.06666775438023227,-1.7781087665292195,-0.33916021407739505,-0.026687640276906063,0.02382821319203848
1755467491.499038,0.12231713029944276,-0.06282414745313299,-1.6507349185279057,-0.27556933651148946,-0.01919757798031476,0.03612783851764387
1755467491.5323942,0.12212701484959287,-0.06317403926712654,-1.6469463932431543,-0.25421143073039704,0.016349747349081584,0.02770148977725749
1755467491.5657506,0.13175197620909285,-0.06666775438023227,-1.7781087665292195,-0.33916021407739505,-0.026687640276906063,0.02382821319203848
1755467491.5991068,0.13175197620909285,-0.06666775438023227,-1.7781087665292195,-0.33916021407739505,-0.026687640276906063,0.02382821319203848
1755467491.632463,0.12052741574007486,-0.061193448576823906,-1.6329590035529742,-0.116774374804225,-0.21876225588574436,0.06624574070001704
1755467491.6658192,0.12118563116597322,-0.06277960380420117,-1.6266929121051463,-0.2763228988133083,0.06432705985141932,0.018744005939179808
1755467491.6991754,0.12135360715853424,-0.06159871115916746,-1.6356939217408226,-0.17153209111410755,-0.14514777880882304,0.05529326338154941
1755467491.7325315,0.12133982001690978,-0.06291439616871301,-1.6492114925382477,-0.2083239941550488,-0.00503575015164671,0.03597695246333398
1755467491.7658877,0.12212701484959287,-0.06317403926712654,-1.6469463932431543,-0.25421143073039704,0.016349747349081584,0.02770148977725749
1755467491.799244,0.13175197620909285,-0.06666775438023227,-1.7781087665292195,-0.33916021407739505,-0.026687640276906063,0.02382821319203848
1755467491.8326,0.13175197620909285,-0.06666775438023227,-1.7781087665292195,-0.33916021407739505,-0.026687640276906063,0.02382821319203848
1755467491.8659563,0.12135360715853424,-0.06159871115916746,-1.6356939217408226,-0.17153209111410755,-0.14514777880882304,0.05529326338154941
1755467491.8993123,0.12212701484959287,-0.06317403926712654,-1.6469463932431543,-0.25421143073039704,0.016349747349081584,0.02770148977725749
1755467491.9326684,0.12135360715853424,-0.06159871115916746,-1.6356939217408226,-0.17153209111410755,-0.14514777880882304,0.05529326338154941
1755467491.9660246,0.12135360715853424,-0.06159871115916746,-1.6356939217408226,-0.17153209111410755,-0.14514777880882304,0.05529326338154941
1755467491.9993806,0.12052741574007486,-0.061193448576823906,-1.6329590035529742,-0.116774374804225,-0.21876225588574436,0.06624574070001704
1755467492.0327368,0.13175197620909285,-0.06666775438023227,-1.7781087665292195,-0.33916021407739505,-0.026687640276906063,0.02382821319203848
1755467492.0660927,0.13175197620909285,-0.06666775438023227,-1.7781087665292195,-0.33916021407739505,-0.026687640276906063,0.02382821319203848
1755467492.099449,0.12218821243709004,-0.06308406381159631,-1.6528168222771775,-0.19367589550165024,0.04762623413930622,0.03397862024086509
1755467492.132805,0.12052741574007486,-0.061193448576823906,-1.6329590035529742,-0.116774374804225,-0.21876225588574436,0.06624574070001704
1755467492.166161,0.12052741574007486,-0.061193448576823906,-1.6329590035529742,-0.116774374804225,-0.21876225588574436,0.06624574070001704
1755467492.199517,0.12212701484959287,-0.06317403926712654,-1.6469463932431543,-0.25421143073039704,0.016349747349081584,0.02770148977725749
1755467492.2328732,0.13175197620909285,-0.06666775438023227,-1.7781087665292195,-0.33916021407739505,-0.026687640276906063,0.02382821319203848
1755467492.2662292,0.120840938975803,-0.06228247386479343,-1.6355920984633694,-0.25320719317916984,0.01676100404845919,0.020268928150805998
1755467492.2995853,0.120840938975803,-0.06228247386479343,-1.6355920984633694,-0.25320719317916984,0.01676100404845919,0.020268928150805998
1755467492.3329413,0.13175197620909285,-0.06666775438023227,-1.7781087665292195,-0.33916021407739505,-0.026687640276906063,0.02382821319203848
1755467492.3662972,0.13175197620909285,-0.06666775438023227,-1.7781087665292195,-0.33916021407739505,-0.026687640276906063,0.02382821319203848
1755467492.3996542,0.13161400613801894,-0.06708823920190861,-1.77534007120341,-0.3179552950018695,0.0017380180313870135,0.015200135382729168
1755467492.4330108,0.12052741574007486,-0.061193448576823906,-1.6329590035529742,-0.116774374804225,-0.21876225588574436,0.06624574070001704
1755467492.4663675,0.13175197620909285,-0.06666775438023227,-1.7781087665292195,-0.33916021407739505,-0.026687640276906063,0.02382821319203848
1755467492.4997241,0.12212701484959287,-0.06317403926712654,-1.6469463932431543,-0.25421143073039704,0.016349747349081584,0.02770148977725749
1755467492.5330808,0.13161400613801894,-0.06708823920190861,-1.77534007120341,-0.3179552950018695,0.0017380180313870135,0.015200135382729168
1755467492.5664375,0.13161400613801894,-0.06708823920190861,-1.77534007120341,-0.3179552950018695,0.0017380180313870135,0.015200135382729168
1755467492.5997941,0.13161400613801894,-0.06708823920190861,-1.77534007120341,-0.3179552950018695,0.0017380180313870135,0.015200135382729168
1755467492.6331508,0.1207389753656073,-0.06070720769388875,-1.635471819583513,-0.1724000928299647,-0.20561095734569423,0.07271996099282876
1755467492.6665075,0.13161400613801894,-0.06708823920190861,-1.77534007120341,-0.3179552950018695,0.0017380180313870135,0.015200135382729168
1755467492.6998641,0.1207389753656073,-0.06070720769388875,-1.635471819583513,-0.1724000928299647,-0.20561095734569423,0.07271996099282876
1755467492.733221,0.12113877492595161,-0.06093706009459824,-1.6333489531223586,-0.2267424546677806,-0.15918967114869495,0.06297002112034003
1755467492.7665777,0.12218821243709004,-0.06308406381159631,-1.6528168222771775,-0.19367589550165024,0.04762623413930622,0.03397862024086509
1755467492.7999344,0.12212701484959287,-0.06317403926712654,-1.6469463932431543,-0.25421143073039704,0.016349747349081584,0.02770148977725749
1755467492.833291,0.13175197620909285,-0.06666775438023227,-1.7781087665292195,-0.33916021407739505,-0.026687640276906063,0.02382821319203848
1755467492.8666475,0.12212701484959287,-0.06317403926712654,-1.6469463932431543,-0.25421143073039704,0.016349747349081584,0.02770148977725749
1755467492.9000041,0.13175197620909285,-0.06666775438023227,-1.7781087665292195,-0.33916021407739505,-0.026687640276906063,0.02382821319203848
1755467492.9333608,0.12172058811307819,-0.06339003282873612,-1.6401357507902294,-0.2399376144158098,0.05537188776535215,0.01913613137585957
1755467492.9667175,0.12052741574007486,-0.061193448576823906,-1.6329590035529742,-0.116774374804225,-0.21876225588574436,0.06624574070001704
1755467493.000074,0.13175197620909285,-0.06666775438023227,-1.7781087665292195,-0.33916021407739505,-0.026687640276906063,0.02382821319203848
1755467493.0334306,0.12212701484959287,-0.06317403926712654,-1.6469463932431543,-0.25421143073039704,0.016349747349081584,0.02770148977725749
1755467493.0667872,0.13161400613801894,-0.06708823920190861,-1.77534007120341,-0.3179552950018695,0.0017380180313870135,0.015200135382729168
1755467493.100144,0.12105048290010116,-0.06285014623610878,-1.6397297902653107,-0.27427887192886113,-0.020821864572358288,0.029011615400208142
1755467493.1335006,0.13175197620909285,-0.06666775438023227,-1.7781087665292195,-0.33916021407739505,-0.026687640276906063,0.02382821319203848
1755467493.166857,0.13175197620909285,-0.06666775438023227,-1.7781087665292195,-0.33916021407739505,-0.026687640276906063,0.02382821319203848
1755467493.2002137,0.13175197620909285,-0.06666775438023227,-1.7781087665292195,-0.33916021407739505,-0.026687640276906063,0.02382821319203848
1755467493.23357,0.13175197620909285,-0.06666775438023227,-1.7781087665292195,-0.33916021407739505,-0.026687640276906063,0.02382821319203848
1755467493.2669268,0.1320843205749017,-0.06709325078654052,-1.7882912165915907,-0.31925270218209334,0.005111617347155078,0.022642767412532603
1755467493.3002832,0.12064831261594504,-0.06030866551975709,-1.6159365400594161,-0.2009922990295491,0.16844784342481944,0.007517126037916567
1755467493.3336399,0.12212701484959287,-0.06317403926712654,-1.6469463932431543,-0.25421143073039704,0.016349747349081584,0.02770148977725749
1755467493.3669963,0.12107679660088469,-0.062401388115155984,-1.641102271588271,-0.2996892447180369,-0.04984793857902315,0.03702861193087162
1755467493.4003532,0.12224289331667625,-0.06290704845962317,-1.649103897788839,-0.2096091852587506,-0.0035638231978972227,0.03569078915943493
1755467493.4337099,0.13175197620909285,-0.06666775438023227,-1.7781087665292195,-0.33916021407739505,-0.026687640276906063,0.02382821319203848
1755467493.467067,0.13175197620909285,-0.06666775438023227,-1.7781087665292195,-0.33916021407739505,-0.026687640276906063,0.02382821319203848
1755467493.5004237,0.12224289331667625,-0.06290704845962317,-1.649103897788839,-0.2096091852587506,-0.0035638231978972227,0.03569078915943493
1755467493.5337806,0.12143870582395266,-0.0625036968888863,-1.651982213943884,-0.23843240628672008,-0.04590842630797138,0.0444258623297799
1755467493.5671372,0.12024429323675893,-0.06142690799420592,-1.6360978473187855,-0.07156577589585986,-0.24952660106766855,0.06835799143468926
1755467493.600494,0.12212701484959287,-0.06317403926712654,-1.6469463932431543,-0.25421143073039704,0.016349747349081584,0.02770148977725749
1755467493.6338508,0.12211661803198157,-0.062193164744543346,-1.658116473216284,-0.09088175107520932,-0.14661544342626587,0.06358413867193806
1755467493.6672075,0.13175197620909285,-0.06666775438023227,-1.7781087665292195,-0.33916021407739505,-0.026687640276906063,0.02382821319203848
1755467493.7005644,0.13175197620909285,-0.06666775438023227,-1.7781087665292195,-0.33916021407739505,-0.026687640276906063,0.02382821319203848
1755467493.733921,0.11968396883175891,-0.060113859403546174,-1.6291902599368355,-0.14201677271621863,-0.2665460710480392,0.08346797562402174
1755467493.7672777,0.12105048290010116,-0.06285014623610878,-1.6397297902653107,-0.27427887192886113,-0.020821864572358288,0.029011615400208142
1755467493.8006349,0.12052741574007486,-0.061193448576823906,-1.6329590035529742,-0.116774374804225,-0.21876225588574436,0.06624574070001704
1755467493.8339915,0.11941891442291984,-0.06123892829862851,-1.6054140689795142,-0.19791226579947754,0.166605614194636,0.014852652594326428
1755467493.8673482,0.12052741574007486,-0.061193448576823906,-1.6329590035529742,-0.116774374804225,-0.21876225588574436,0.06624574070001704
1755467493.900705,0.11911890709965453,-0.05955192353656658,-1.5854407208562669,-0.42400882248391436,-0.056720482851590676,0.029048167880780712
1755467493.9340618,0.13175197620909285,-0.06666775438023227,-1.7781087665292195,-0.33916021407739505,-0.026687640276906063,0.02382821319203848
1755467493.9674184,0.13175197620909285,-0.06666775438023227,-1.7781087665292195,-0.33916021407739505,-0.026687640276906063,0.02382821319203848
1755467494.0007753,0.13175197620909285,-0.06666775438023227,-1.7781087665292195,-0.33916021407739505,-0.026687640276906063,0.02382821319203848
1755467494.034132,0.13175197620909285,-0.06666775438023227,-1.7781087665292195,-0.33916021407739505,-0.026687640276906063,0.02382821319203848
1755467494.0674887,0.12212701484959287,-0.06317403926712654,-1.6469463932431543,-0.25421143073039704,0.016349747349081584,0.02770148977725749
1755467494.1008458,0.13175197620909285,-0.06666775438023227,-1.7781087665292195,-0.33916021407739505,-0.026687640276906063,0.02382821319203848
1755467494.1342025,0.13175197620909285,-0.06666775438023227,-1.7781087665292195,-0.33916021407739505,-0.026687640276906063,0.02382821319203848
1755467494.1675591,0.12212701484959287,-0.06317403926712654,-1.6469463932431543,-0.25421143073039704,0.016349747349081584,0.02770148977725749
1755467494.2009158,0.13161400613801894,-0.06708823920190861,-1.77534007120341,-0.3179552950018695,0.0017380180313870135,0.015200135382729168
1755467494.2342727,0.12231713029944276,-0.06282414745313299,-1.6507349185279057,-0.27556933651148946,-0.01919757798031476,0.03612783851764387
1755467494.2676294,0.13175197620909285,-0.06666775438023227,-1.7781087665292195,-0.33916021407739505,-0.026687640276906063,0.02382821319203848
1755467494.300986,0.13175197620909285,-0.06666775438023227,-1.7781087665292195,-0.33916021407739505,-0.026687640276906063,0.02382821319203848
1755467494.3343427,0.12170364270931924,-0.06155798837680012,-1.6465500603601602,-0.17362668599366662,-0.1468552649647708,0.06300711806222475
1755467494.3676996,0.12179446985120461,-0.0621745693021096,-1.6411286367104896,-0.19680693104353977,0.05061588452537568,0.011636421897037817
1755467494.4010565,0.13175197620909285,-0.06666775438023227,-1.7781087665292195,-0.33916021407739505,-0.026687640276906063,0.02382821319203848
1755467494.4344134,0.12231713029944276,-0.06282414745313299,-1.6507349185279057,-0.27556933651148946,-0.01919757798031476,0.03612783851764387
1755467494.4677703,0.13175197620909285,-0.06666775438023227,-1.7781087665292195,-0.33916021407739505,-0.026687640276906063,0.02382821319203848
1755467494.5011272,0.12212701484959287,-0.06317403926712654,-1.6469463932431543,-0.25421143073039704,0.016349747349081584,0.02770148977725749
1755467494.5344841,0.12102689714493871,-0.06193171816209913,-1.6393120491607953,-0.2742313504758455,-0.017913672487907466,0.02847083859451472
1755467494.5678408,0.12135098213821023,-0.0613999464184309,-1.6242664611525883,-0.251753069571455,0.013728444515505752,-0.0009448585216260403
1755467494.6011977,0.13175197620909285,-0.06666775438023227,-1.7781087665292195,-0.33916021407739505,-0.026687640276906063,0.02382821319203848
1755467494.6345546,0.13161400613801894,-0.06708823920190861,-1.77534007120341,-0.3179552950018695,0.0017380180313870135,0.015200135382729168
1755467494.6679115,0.12212701484959287,-0.06317403926712654,-1.6469463932431543,-0.25421143073039704,0.016349747349081584,0.02770148977725749
1755467494.7012682,0.12212701484959287,-0.06317403926712654,-1.6469463932431543,-0.25421143073039704,0.016349747349081584,0.02770148977725749
1755467494.7346253,0.13175197620909285,-0.06666775438023227,-1.7781087665292195,-0.33916021407739505,-0.026687640276906063,0.02382821319203848
1755467494.7679822,0.12107679660088469,-0.062401388115155984,-1.641102271588271,-0.2996892447180369,-0.04984793857902315,0.03702861193087162
1755467494.801339,0.12212701484959287,-0.06317403926712654,-1.6469463932431543,-0.25421143073039704,0.016349747349081584,0.02770148977725749
1755467494.8346958,0.12212701484959287,-0.06317403926712654,-1.6469463932431543,-0.25421143073039704,0.016349747349081584,0.02770148977725749
1755467494.8680527,0.12041105893027938,-0.06076292422455656,-1.6249634660390169,-0.16904410598292152,-0.20379150628851067,0.0648507834797914
1755467494.9014094,0.12212701484959287,-0.06317403926712654,-1.6469463932431543,-0.25421143073039704,0.016349747349081584,0.02770148977725749
1755467494.9347663,0.13175197620909285,-0.06666775438023227,-1.7781087665292195,-0.33916021407739505,-0.026687640276906063,0.02382821319203848
1755467494.968123,0.13179168251517764,-0.06742849133439308,-1.783340062703673,-0.3011105424355497,0.03625295966930318,0.013984443380807557
1755467495.0014799,0.12218821243709004,-0.06308406381159631,-1.6528168222771775,-0.19367589550165024,0.04762623413930622,0.03397862024086509
1755467495.034837,0.12028043481009372,-0.06378675205698496,-1.619006866395201,0.26632951623566176,-0.09053240914257892,0.02450800872102463
1755467495.0681937,0.11989637535490986,-0.06147451678761269,-1.6253479317410435,-0.06721806238906293,-0.24885875098233315,0.06049640381156246
1755467495.1015506,0.12261099924264555,-0.0628788045574351,-1.6602056832988468,-0.21038492275873882,-0.0013555785823576,0.04290434424224717
1755467495.1349072,0.13175197620909285,-0.06666775438023227,-1.7781087665292195,-0.33916021407739505,-0.026687640276906063,0.02382821319203848
1755467495.1682642,0.13175197620909285,-0.06666775438023227,-1.7781087665292195,-0.33916021407739505,-0.026687640276906063,0.02382821319203848
1755467495.2349777,0.13175197620909285,-0.06666775438023227,-1.7781087665292195,-0.33916021407739505,-0.026687640276906063,0.02382821319203848
1755467495.2683344,0.13175197620909285,-0.06666775438023227,-1.7781087665292195,-0.33916021407739505,-0.026687640276906063,0.02382821319203848
1755467495.3016913,0.12212701484959287,-0.06317403926712654,-1.6469463932431543,-0.25421143073039704,0.016349747349081584,0.02770148977725749
1755467495.3350482,0.13175197620909285,-0.06666775438023227,-1.7781087665292195,-0.33916021407739505,-0.026687640276906063,0.02382821319203848
1755467495.3684049,0.13175197620909285,-0.06666775438023227,-1.7781087665292195,-0.33916021407739505,-0.026687640276906063,0.02382821319203848
1755467495.4017622,0.1207389753656073,-0.06070720769388875,-1.635471819583513,-0.1724000928299647,-0.20561095734569423,0.07271996099282876
1755467495.4351194,0.13175197620909285,-0.06666775438023227,-1.7781087665292195,-0.33916021407739505,-0.026687640276906063,0.02382821319203848
1755467495.4684765,0.12218821243709004,-0.06308406381159631,-1.6528168222771775,-0.19367589550165024,0.04762623413930622,0.03397862024086509
1755467495.5018337,0.12231713029944276,-0.06282414745313299,-1.6507349185279057,-0.27556933651148946,-0.01919757798031476,0.03612783851764387
1755467495.5351908,0.13175197620909285,-0.06666775438023227,-1.7781087665292195,-0.33916021407739505,-0.026687640276906063,0.02382821319203848
1755467495.5685482,0.13161400613801894,-0.06708823920190861,-1.77534007120341,-0.3179552950018695,0.0017380180313870135,0.015200135382729168
1755467495.6019053,0.12212701484959287,-0.06317403926712654,-1.6469463932431543,-0.25421143073039704,0.016349747349081584,0.02770148977725749
1755467495.6352627,0.12041105893027938,-0.06076292422455656,-1.6249634660390169,-0.16904410598292152,-0.20379150628851067,0.0648507834797914
1755467495.6686199,0.13161400613801894,-0.06708823920190861,-1.77534007120341,-0.3179552950018695,0.0017380180313870135,0.015200135382729168
1755467495.701977,0.11909124569721452,-0.06392211840512052,-1.6231679068501577,0.2530161641124922,-0.1631351911628494,0.04173577017193847
1755467495.7353342,0.12176385958713196,-0.06223706133087966,-1.6471778619517514,-0.08817909128721571,-0.14549482281464232,0.05591998619203965
1755467495.7686913,0.13175197620909285,-0.06666775438023227,-1.7781087665292195,-0.33916021407739505,-0.026687640276906063,0.02382821319203848
1755467495.8020487,0.13175197620909285,-0.06666775438023227,-1.7781087665292195,-0.33916021407739505,-0.026687640276906063,0.02382821319203848
1755467495.8354058,0.12212701484959287,-0.06317403926712654,-1.6469463932431543,-0.25421143073039704,0.016349747349081584,0.02770148977725749
1755467495.8687632,0.11946489441616286,-0.0617871146448225,-1.6278307102921137,-0.14366725573815015,0.05148526197003548,0.03927714687402432
1755467495.9021204,0.13161400613801894,-0.06708823920190861,-1.77534007120341,-0.3179552950018695,0.0017380180313870135,0.015200135382729168
1755467495.9354775,0.12052741574007486,-0.061193448576823906,-1.6329590035529742,-0.116774374804225,-0.21876225588574436,0.06624574070001704
1755467495.9688346,0.12231713029944276,-0.06282414745313299,-1.6507349185279057,-0.27556933651148946,-0.01919757798031476,0.03612783851764387
1755467496.0021918,0.1196356679811483,-0.06526929347536023,-1.6362639096079032,0.22533106346759324,-0.14857833505624862,0.040949898559137575
1755467496.0355492,0.13175197620909285,-0.06666775438023227,-1.7781087665292195,-0.33916021407739505,-0.026687640276906063,0.02382821319203848
1755467496.0689063,0.13175197620909285,-0.06666775438023227,-1.7781087665292195,-0.33916021407739505,-0.026687640276906063,0.02382821319203848
1755467496.1022637,0.12224289331667625,-0.06290704845962317,-1.649103897788839,-0.2096091852587506,-0.0035638231978972227,0.03569078915943493
1755467496.1356208,0.12435794586858548,-0.062455767781287176,-1.6393062236028417,-0.23902380900294928,0.05568889945337789,0.03326541445377028
1755467496.168978,0.1261501340958961,-0.06294011692811337,-1.6087144839190792,0.26393827529752245,-0.08953680037680607,0.018014205589803715
1755467496.2023351,0.12755782569807447,-0.06076854677936891,-1.6250718009147405,-0.1689901933620805,-0.21010414860880097,0.06517902982251048
1755467496.2356925,0.12251911420051861,-0.060109176107008486,-1.6062546731419005,-0.32355039619525533,-0.030384815156201214,0.03559621608022953
1755467496.2690496,0.12406563979367335,-0.06291366813985573,-1.6492451106344346,-0.2091566109093624,-0.00473706446461257,0.03573885309308447
1755467496.3024068,0.12709692714325743,-0.06316772669244632,-1.6352096714275222,-0.25299317621866735,0.014410001682835133,0.03441515418092158
1755467496.3357642,0.12831030097143376,-0.06126545702248637,-1.6061443893975045,-0.200865159242428,0.16345032154359698,0.0003691125651400531
1755467496.3691213,0.13318935751823793,-0.06476344325210555,-1.6500325905223499,-0.20795339541348531,-0.011060020965613928,0.03601147693590652
1755467496.402478,0.1460959647148411,-0.06711251822058631,-1.7730030658761982,-0.25996478335229656,0.012286818013336788,0.030032401341360072
1755467496.435835,0.1308723668220225,-0.06323488712661453,-1.603330328277135,0.29072883659919296,-0.16050936319956796,0.041183700152621135
1755467496.4691916,0.14844553572588198,-0.06841986083225092,-1.8063270806684941,-0.24772861606587607,0.054655693428520245,0.013502418218118413
1755467496.5025485,0.1404660846894584,-0.07013357648495731,-1.8429397146117523,-0.10234484378945646,0.12571839232163373,0.011227054227632588
1755467496.5359054,0.12504610393796753,-0.06385872781004144,-1.6501869514500238,-0.20883198926644808,-0.0070873792557144075,0.021658710628525903
1755467496.569262,0.1286458345675208,-0.06281663561163046,-1.6540011060600528,-0.13424871017601167,0.04189416437344693,0.026905943932299215
1755467496.6026187,0.1412486442953781,-0.06646103286003742,-1.7935837997235704,-0.24398064548493587,-0.049856464483761014,0.024770112718108115
1755467496.6359756,0.14461567718538035,-0.06590476345741135,-1.8035839815941819,-0.21384141685650648,-0.00654923389125733,0.023621563244158116
1755467496.6693323,0.14596992123611202,-0.06510037113458626,-1.794332678695743,-0.19795450357366726,0.046293347934778566,0.013766981010339144
1755467496.702689,0.14522899351733298,-0.06712124309768691,-1.8221779004712433,-0.20067691759867487,0.048653052999101234,0.013895966406480451
1755467496.7360458,0.1227750045492577,-0.06023045777230963,-1.6380157677145617,-0.20671100483470015,-0.004248109475499416,0.028337307667029858
1755467496.7694025,0.12514285294745917,-0.06090828365657828,-1.6522493829976759,-0.14580035408502168,-0.03329202722354282,0.029661400003491364
1755467496.8027592,0.13614573666835772,-0.06392051004615151,-1.7898672326595784,-0.21287907829998678,-0.0038586001624156467,0.00013673657649720567
1755467496.8361163,0.12690964279361772,-0.05958604701834307,-1.6315724795559743,-0.18823976587981187,0.038478077820390186,-0.022266873472631246
1755467496.869473,0.12343991083388978,-0.0569549092233105,-1.6059261785615562,-0.3459261594526894,-0.014368599071996703,-7.448612845956971e-05
1755467496.9028296,0.11813000885391445,-0.057397737989485435,-1.597186685067646,0.1537442183855389,-0.3079202528611694,0.018963001381659517
1755467496.9361863,0.12169079617426698,-0.05667724973210623,-1.6293718467122886,0.1149792126461388,-0.19491435150873027,0.042542665874333974
1755467496.9695432,0.13423236164292957,-0.05948344708724042,-1.7663514844211903,-0.3036624199637736,-0.05151155790469789,0.02431707859404297
1755467497.0029,0.13733511611905871,-0.06028964831953623,-1.7730154628215766,-0.25711815402743615,0.016594117532750786,0.014683208051552866
1755467497.0362566,0.14061274470221818,-0.06092963490126365,-1.7785515276095798,-0.277995489793552,-0.02467908563180092,0.008377209082529518
1755467497.0696132,0.13082544592344247,-0.05603770851001998,-1.6367332986790106,-0.2466354604720556,0.010132250814436266,0.006493217007211878
1755467497.10297,0.14358445748638388,-0.058013230639246786,-1.778967857397194,-0.27475291713318867,-0.02805971696812911,-0.0068522245006653725
1755467497.1363266,0.13105151154022948,-0.05309620212994336,-1.620324427981352,-0.11266993879899889,-0.2844322328973592,-0.02640548552268666
1755467497.1696837,0.13582904889867192,-0.0556596255910191,-1.648628908270859,-0.1962845542987572,-0.018362783280900564,-0.06332248932731603
1755467497.2030404,0.14793865452354912,-0.05772039725389675,-1.771049119503773,-0.29060288273794826,0.019994182675879952,-0.038859218699660227
1755467497.236397,0.14771414133844518,-0.056465069279397595,-1.7634885333574934,-0.30617129343600963,-0.011717467672007409,-0.022612879054585103
1755467497.2697537,0.14917433696534313,-0.05663162269095622,-1.7793159109017853,-0.2390924881024687,0.050390083228720066,-0.01691864481029206
1755467497.3031104,0.15114960774562933,-0.05859643795847865,-1.7795539430790042,-0.2397019478364685,0.04899059261045153,-0.016929273866890266
1755467497.336467,0.15382903548419055,-0.058713693219150175,-1.7716397873950218,-0.29081227269937593,0.020700816765763345,-0.0239068976160212
1755467497.3698237,0.1552424238381507,-0.05785111603598324,-1.8041001714557057,-0.2810089229623243,0.05662128634606486,-0.04091940387536119
1755467497.4031808,0.14638485504722684,-0.05642221704055353,-1.835102212394532,-0.2418700626317571,0.10096398248862055,-0.035592367647659454
1755467497.436538,0.13914383174921977,-0.053018633948872296,-1.7758368148041423,-0.2795083383843742,0.06554768045516615,-0.025149306768309912
1755467497.4698954,0.12916210011996548,-0.05093474561333289,-1.6300983035940886,-0.22547149703023014,0.08422579865564064,-0.058943665391521446
1755467497.5032525,0.1317607225636033,-0.05138432120987209,-1.6415420934036147,-0.18506324036388705,0.03935445129107438,-0.043821422444311774
1755467497.5366094,0.13187575204622023,-0.050555552720486126,-1.60490354248824,0.13407724611186697,-0.14336001947429325,-0.029879489236077084
1755467497.5699666,0.14772258590375373,-0.05318632283517671,-1.7681123988505463,-0.3216922072662837,0.03241192889033452,-0.046630204836027866
1755467497.6033237,0.1477583123566362,-0.05181487244535587,-1.7687433710551572,-0.28609316420763514,0.01669755125154477,-0.06910835335207244
1755467497.6366808,0.1493234320204273,-0.05171073552993193,-1.7815914564288264,-0.2860592276134184,0.015561238041737748,-0.07715669459935005
1755467497.670038,0.13825071942446934,-0.046268619866825955,-1.6334419556767197,-0.13629098365082754,-0.16944016714091303,-0.073499264374089
1755467497.7033951,0.1482664988175491,-0.04705056952860511,-1.7579001222909254,-0.32923648922498494,-0.003532542042458968,-0.07557751528808006
1755467497.7367523,0.14961955092662085,-0.0468455712820116,-1.7680712195907884,-0.3290442182213309,-0.007109221256123023,-0.09890223698154066
1755467497.7701094,0.15089662830910683,-0.0469928340449129,-1.7728521971265552,-0.3152909183443883,-0.05558461971874609,-0.09802149526883695
1755467497.8034666,0.14087595469805264,-0.04476659808116817,-1.6464288903013877,-0.16388457478532598,-0.1098922554428143,-0.10390950323966691
1755467497.8368235,0.13988808061393251,-0.041516818068959564,-1.6241546508224027,-0.12578972545414555,-0.28426917085752745,-0.11630858959481183
1755467497.8701806,0.14148683974226767,-0.04349261015173649,-1.65001693222285,0.2190179258944555,-0.12680420783497487,-0.14015901340435838
1755467497.9035378,0.15320526555184624,-0.044346269800265986,-1.7662694264578482,-0.3300597329423985,-0.091817663907553,-0.13535094467712164
1755467497.9368951,0.15666688513253216,-0.04416061881405804,-1.7779795799846765,-0.32930034696913935,-0.09529942022921101,-0.14383870337656288
1755467497.970252,0.15672630290481385,-0.04277305247291332,-1.7792719242010047,-0.30147786965239876,-0.11550426662998543,-0.13630959947305346
1755467498.0036092,0.142619937746744,-0.037005227976696205,-1.6141911638235311,-0.2289483383047771,-0.29434048554332565,-0.15301481983709747
1755467498.0369663,0.1442422600056939,-0.03873074633896813,-1.6340018240699443,-0.2874377475638917,-0.1647784513424491,-0.14656883878337928
1755467498.0703232,0.15934426889643669,-0.04269254909559345,-1.7981646775959854,-0.3252533022296072,-0.14707558326184667,-0.16112609000915973
1755467498.1036804,0.1593307525690542,-0.042721970986928794,-1.8565701647329558,-0.2529251415552032,-0.1759427699562481,-0.1424166311152525
1755467498.1370375,0.13242035386930345,-0.03580445309442921,-1.6034953927134363,-0.2642676928889711,-0.29105480676684525,-0.13755104153285844
1755467498.1703947,0.13595958454277715,-0.034099878596238684,-1.6088305343528218,-0.28774679577494244,-0.3042538620510376,-0.15323542719611918
1755467498.2037518,0.1395118263534637,-0.03691753066108942,-1.655243326585595,0.2514956299299103,0.02091005065088972,-0.17960411201283139
1755467498.237109,0.1415983152481931,-0.03595431622918858,-1.6395186296727497,-0.39304594446745583,-0.1797401390734395,-0.16130480477605866
1755467498.270466,0.15569007893217018,-0.0388580187173015,-1.785462450272292,-0.373978410949618,-0.1821579696482146,-0.13687495662302746
1755467498.303823,0.15392333092482113,-0.03865824044082729,-1.7772832320873435,-0.38017290761431943,-0.22169587557095916,-0.13645892967692635
1755467498.3371801,0.15579013043597942,-0.037529170069985233,-1.7921328151555134,-0.37057464897047615,-0.186789416299509,-0.16122265985887907
1755467498.3705373,0.15585158999920212,-0.0381639114629198,-1.7993850747750255,-0.3798669432783716,-0.22650180518896496,-0.15414813214365286
1755467498.4038937,0.15911321492299496,-0.03870574960032874,-1.803012177361405,-0.4067429152936017,-0.23863368331665932,-0.13058035280627098
1755467498.4372501,0.16058504173760388,-0.038953187882682795,-1.7918793189174738,-0.4060776894010998,-0.2374678464400864,-0.12189908206712959
1755467498.4706068,0.1605336736381629,-0.039923923423304294,-1.7913494302407218,-0.407759006875927,-0.23942111747926742,-0.12120823053427159
1755467498.5039635,0.158748436194602,-0.03950945038950829,-1.793154223966751,-0.3827272834949285,-0.22376993213431406,-0.12955976388644708
1755467498.53732,0.15594752157575123,-0.04089740186876021,-1.790791091122071,-0.4113214021697099,-0.2910780924065885,-0.10549988267203084
1755467498.5706763,0.15747444896585816,-0.041573157149793837,-1.796884534444382,-0.38916089150105176,-0.27893473045233846,-0.09780517622156343
1755467498.6040328,0.1419779266458307,-0.038146870098512475,-1.5972980498278289,0.37846214387096494,0.1797899040121346,-0.1165791694967394
1755467498.6373892,0.1586582531674515,-0.03812934793762501,-1.7984562307399803,-0.3945481822706711,-0.2601902570839446,-0.12232165634082846
1755467498.6707458,0.1622114958451693,-0.03690027041657694,-1.8104337030349518,-0.39234001438217714,-0.26346233112120315,-0.1317326747025278
1755467498.7041023,0.16446448590172805,-0.03955384414650814,-1.7972685678590579,-0.4185652183318781,-0.2745036095295502,-0.11426238484795281
1755467498.7374587,0.1544854980912326,-0.037659011127217416,-1.6702980657724158,-0.35070857459140337,-0.3294787764862657,-0.12141000329517457
1755467498.7708151,0.1537524494720547,-0.03601307058010381,-1.6261934340361917,-0.453482710698021,-0.21562261540490785,-0.09642172755608212
1755467498.8041716,0.1683305843200205,-0.03741897246935755,-1.7906920864418432,-0.4278020735126413,-0.2547811031580785,-0.113919519660198
1755467498.837528,0.15239159539035432,-0.035753608049503845,-1.6320805612622051,-0.4193032513567031,-0.27625889549040633,-0.1037998561546162
1755467498.8708844,0.16542640535131303,-0.041588888838448745,-1.7974513620459422,-0.38789732055384113,-0.2837157919735391,-0.09786198839070975
1755467498.904241,0.16782974155940883,-0.04288648045826862,-1.8116525798581768,-0.41403455464597455,-0.23789981463402254,-0.0984187723487614
1755467498.9375975,0.16801731482731627,-0.04022781031692708,-1.8034736760224146,-0.39680333070941143,-0.2621818095371639,-0.10654914815736002
1755467498.9709537,0.15392629742741729,-0.03535695766405957,-1.6524192816000127,-0.3885231689539905,-0.23591723215987903,-0.11917730792714752
1755467499.0043101,0.1543610659533047,-0.03656871849169636,-1.6634532058133726,-0.354341771167379,-0.30720454117763557,-0.13582451565866585
1755467499.0376666,0.1538337264138674,-0.03680849054739333,-1.6569735583502818,-0.40090213543233433,-0.2682288370442959,-0.11234729859021679
1755467499.071023,0.1676901405977059,-0.03848797411606008,-1.7944280520797613,-0.43183270242336846,-0.251241768965508,-0.09797176353920325
1755467499.1043794,0.15552454960227943,-0.036077535198669845,-1.66138515451295,-0.3583970312427106,-0.29965859413775364,-0.0988232305317678
1755467499.1377356,0.16690934798637963,-0.03716280824584949,-1.801813383588342,-0.4283099248297892,-0.25573883177817747,-0.12265360982256367
1755467499.171092,0.16678352671682214,-0.03581384805513252,-1.8060225238338812,-0.3873399994308353,-0.26889162480146356,-0.14790753379899851
1755467499.2044485,0.16677272762623432,-0.03594886645463935,-1.8117772982477391,-0.3760122041489162,-0.2926327254313545,-0.14894675899010837
1755467499.2378047,0.15333107541204363,-0.031648850517481245,-1.668024781310469,-0.3270707440291095,-0.3601349315527596,-0.17760836494500232
1755467499.271161,0.15304738033265936,-0.02971533189199397,-1.663898156846727,-0.3417307779999818,-0.31131820632996665,-0.17542339333458118
1755467499.3045175,0.16550623409892565,-0.029784098528197137,-1.8032998115374057,-0.3853199143411165,-0.3117622253764817,-0.19946123905195745
1755467499.3378737,0.14719157723491852,-0.02682809987147635,-1.6067295996295066,-0.35173567913470344,-0.3919962013223392,-0.20376214053175487
1755467499.3712301,0.1677133941965515,-0.03214139179873074,-1.8217175559774192,-0.3645806734530008,-0.30120262110508317,-0.2007014977348695
1755467499.4045875,0.15498399854629266,-0.028648105828447852,-1.6590897371433377,-0.3786508853000741,-0.2781677151592116,-0.1901496563001264
1755467499.4379447,0.15521461055716745,-0.031002895289699944,-1.6699919118736422,0.329420959468808,0.15057598004213205,-0.20023484595947186
1755467499.4713016,0.15580161670207865,-0.029216572961637516,-1.6780059936019942,0.2985352300254721,0.07998130342600324,-0.24346499028766624
1755467499.5046587,0.16809118518037386,-0.031017703457893248,-1.8149492231221742,-0.35981218280835187,-0.3038111017807566,-0.21693712905119578
1755467499.5380158,0.16809118518037386,-0.031017703457893248,-1.8149492231221742,-0.35981218280835187,-0.3038111017807566,-0.21693712905119578
1755467499.571373,0.15480490419490966,-0.02876146386072829,-1.663540031077296,-0.34824855594424725,-0.35007191743618093,-0.2082746541100572
1755467499.6047301,0.16827250401156943,-0.03032800856126143,-1.8062719390637827,-0.38088295991571797,-0.3182999815846104,-0.22489765955121568
1755467499.6380875,0.16827250401156943,-0.03032800856126143,-1.8062719390637827,-0.38088295991571797,-0.3182999815846104,-0.22489765955121568
1755467499.6714447,0.1550417908615315,-0.030813175185485694,-1.654001571130113,0.381571591453005,0.14848036403511883,-0.21279620447994133
1755467499.7048018,0.1687849414029661,-0.030898587990430947,-1.8112165051889533,-0.3918368601810831,-0.29759530873838946,-0.23286368492236362
1755467499.738159,0.1531554763969208,-0.0305762259302864,-1.638642481597878,0.40038462897270916,0.15673131788219927,-0.21135025351552902
1755467499.771516,0.1569808885104598,-0.03074458263403132,-1.6753414773619126,0.3938936910391217,0.13414253523711503,-0.23719805126711482
1755467499.804873,0.15445419976479163,-0.03070322311425436,-1.6478500936996772,0.3796315740339257,0.14862853414745764,-0.2271205162635885
1755467499.8382301,0.1687849414029661,-0.030898587990430947,-1.8112165051889533,-0.3918368601810831,-0.29759530873838946,-0.23286368492236362
1755467499.8715875,0.1686471255631775,-0.030232596355744407,-1.804128643565358,-0.42597802360518155,-0.2881537137744032,-0.22346004419564777
1755467499.9049447,0.15547474298946834,-0.027918688497160827,-1.6490902974288648,-0.43845913457291347,-0.2646546165149953,-0.196800557652257
1755467499.9383018,0.1687849414029661,-0.030898587990430947,-1.8112165051889533,-0.3918368601810831,-0.29759530873838946,-0.23286368492236362
1755467499.971659,0.1687849414029661,-0.030898587990430947,-1.8112165051889533,-0.3918368601810831,-0.29759530873838946,-0.23286368492236362
1755467500.005016,0.1686471255631775,-0.030232596355744407,-1.804128643565358,-0.42597802360518155,-0.2881537137744032,-0.22346004419564777
1755467500.0383732,0.1686471255631775,-0.030232596355744407,-1.804128643565358,-0.42597802360518155,-0.2881537137744032,-0.22346004419564777
1755467500.0717304,0.1707812072559001,-0.031156367812025968,-1.8273237604755255,-0.4183181848564059,-0.30913506665755,-0.21878458123250713
1755467500.1050878,0.1686471255631775,-0.030232596355744407,-1.804128643565358,-0.42597802360518155,-0.2881537137744032,-0.22346004419564777
1755467500.138445,0.1686471255631775,-0.030232596355744407,-1.804128643565358,-0.42597802360518155,-0.2881537137744032,-0.22346004419564777
1755467500.171802,0.1681690731433635,-0.029783141178912183,-1.8052513375033552,-0.40392505712387927,-0.32826361498254447,-0.2172423981908772
1755467500.2051592,0.15542209607097415,-0.028398634725242542,-1.669591481263532,-0.3562433330828029,-0.32948696260585336,-0.21563826504784145
1755467678.4665673,-0.0475255986645941,-0.5430232393774856,-1.2494337420934378,-0.3257714291840615,-0.17530984767029703,0.11064191650674436
1755467678.4999247,-0.0488704049656356,-0.5521355751118998,-1.2763166096815395,-0.47792616293678986,-0.058709852920436977,0.08086889901176417
1755467678.5332816,-0.04784151761350889,-0.543654253383079,-1.2509926660583877,-0.3378272880729732,-0.1482139772871952,0.09858552157925721
1755467678.5666385,-0.04886672875236973,-0.5521446894473011,-1.276266970236875,-0.468185141699827,-0.05339781104041079,0.08922752933348096
1755467678.5999954,-0.048672802116982765,-0.5531170939867361,-1.278159027460604,-0.4225573671865427,-0.08013070430367013,0.10110396303692425
1755467678.6333525,-0.048672802116982765,-0.5531170939867361,-1.278159027460604,-0.4225573671865427,-0.08013070430367013,0.10110396303692425
1755467678.6667094,-0.048349762137102154,-0.5533718696037447,-1.277462283645139,-0.4615040155950443,0.010115507373545446,0.05058899745745742
1755467678.7000663,-0.04886672875236973,-0.5521446894473011,-1.276266970236875,-0.468185141699827,-0.05339781104041079,0.08922752933348096
1755467678.7334232,-0.04886672875236973,-0.5521446894473011,-1.276266970236875,-0.468185141699827,-0.05339781104041079,0.08922752933348096
1755467678.7667804,-0.047833756563648966,-0.5428842901712584,-1.2508248197342022,-0.34035640208245255,-0.14768959378497243,0.0987169360190849
1755467678.8001373,-0.048672802116982765,-0.5531170939867361,-1.278159027460604,-0.4225573671865427,-0.08013070430367013,0.10110396303692425
1755467678.8334942,-0.0475255986645941,-0.5430232393774856,-1.2494337420934378,-0.3257714291840615,-0.17530984767029703,0.11064191650674436
1755467678.866851,-0.0475255986645941,-0.5430232393774856,-1.2494337420934378,-0.3257714291840615,-0.17530984767029703,0.11064191650674436
1755467678.900208,-0.0475255986645941,-0.5430232393774856,-1.2494337420934378,-0.3257714291840615,-0.17530984767029703,0.11064191650674436
1755467678.933565,-0.04737157360713422,-0.5426245974223209,-1.248962061851461,-0.2782516127597959,-0.13223293968288613,0.08635437233979668
1755467678.9669218,-0.04827726172084807,-0.5496087950840618,-1.2708048760143988,-0.5215339620615501,-0.04414485291165325,0.08486446696015126
1755467679.0002787,-0.04850979724688807,-0.5505031294426339,-1.2715651057900397,-0.4557800094072248,-0.11114610142109267,0.10922546543278457
1755467679.0336359,-0.0473259756086724,-0.5421150696210637,-1.2472308036825048,-0.30728081733847806,-0.13726226983021603,0.09375959242205241
1755467679.0669928,-0.04835183154828608,-0.5518599641338021,-1.277184199286807,-0.45705405227901114,0.006055616427446489,0.05234357662027325
1755467679.1003497,-0.0475255986645941,-0.5430232393774856,-1.2494337420934378,-0.3257714291840615,-0.17530984767029703,0.11064191650674436
1755467679.1337066,-0.04784151761350889,-0.543654253383079,-1.2509926660583877,-0.3378272880729732,-0.1482139772871952,0.09858552157925721
1755467679.1670635,-0.0475255986645941,-0.5430232393774856,-1.2494337420934378,-0.3257714291840615,-0.17530984767029703,0.11064191650674436
1755467679.2004204,-0.04886672875236973,-0.5521446894473011,-1.276266970236875,-0.468185141699827,-0.05339781104041079,0.08922752933348096
1755467679.2337773,-0.047019154156391366,-0.5415059271629776,-1.2457507178181002,-0.29896156546662245,-0.16565642056700128,0.10633675027341344
1755467679.2671342,-0.0473259756086724,-0.5421150696210637,-1.2472308036825048,-0.30728081733847806,-0.13726226983021603,0.09375959242205241
1755467679.300491,-0.04886672875236973,-0.5521446894473011,-1.276266970236875,-0.468185141699827,-0.05339781104041079,0.08922752933348096
1755467679.3338482,-0.048975824232529906,-0.5558593842457582,-1.2839961764429384,-0.4637853523950928,-0.0002490422055622679,0.04999887296252455
1755467679.3672051,-0.04816192775269104,-0.5521376592809153,-1.2762652991994459,-0.47013690782539774,-0.0525700536671432,0.0888408068096192
1755467679.400562,-0.0475255986645941,-0.5430232393774856,-1.2494337420934378,-0.3257714291840615,-0.17530984767029703,0.11064191650674436
1755467679.4339187,-0.04850979724688807,-0.5505031294426339,-1.2715651057900397,-0.4557800094072248,-0.11114610142109267,0.10922546543278457
1755467679.4672756,-0.047833756563648966,-0.5428842901712584,-1.2508248197342022,-0.34035640208245255,-0.14768959378497243,0.0987169360190849
1755467679.5006325,-0.047833756563648966,-0.5428842901712584,-1.2508248197342022,-0.34035640208245255,-0.14768959378497243,0.0987169360190849
1755467679.5339873,-0.0475255986645941,-0.5430232393774856,-1.2494337420934378,-0.3257714291840615,-0.17530984767029703,0.11064191650674436
1755467679.5673418,-0.04757188552069028,-0.5493553922703233,-1.2698287341436458,-0.3467637199373163,0.15976952286914461,-0.009050526585927591
1755467679.6006966,-0.04816192775269104,-0.5521376592809153,-1.2762652991994459,-0.47013690782539774,-0.0525700536671432,0.0888408068096192
1755467679.634051,-0.0475255986645941,-0.5430232393774856,-1.2494337420934378,-0.3257714291840615,-0.17530984767029703,0.11064191650674436
1755467679.6674056,-0.04791887798763956,-0.5446382201847317,-1.253820234041758,-0.3087777406491811,-0.13976857675511312,0.08957860970614213
1755467679.7007604,-0.04772312128637259,-0.541412019212226,-1.246857114124547,-0.3675179357054905,-0.15933877582726622,0.1091508937927882
1755467679.7341146,-0.048672802116982765,-0.5531170939867361,-1.278159027460604,-0.4225573671865427,-0.08013070430367013,0.10110396303692425
1755467679.7674692,-0.04791887798763956,-0.5446382201847317,-1.253820234041758,-0.3087777406491811,-0.13976857675511312,0.08957860970614213
1755467679.8008237,-0.04827726172084807,-0.5496087950840618,-1.2708048760143988,-0.5215339620615501,-0.04414485291165325,0.08486446696015126
1755467679.8341782,-0.04816192775269104,-0.5521376592809153,-1.2762652991994459,-0.47013690782539774,-0.0525700536671432,0.0888408068096192
1755467679.8675327,-0.04732622928278342,-0.5402803519888363,-1.242292810359099,-0.3176196367636345,-0.19764533554217587,0.11544718169579306
1755467679.9008873,-0.048672802116982765,-0.5531170939867361,-1.278159027460604,-0.4225573671865427,-0.08013070430367013,0.10110396303692425
1755467679.9342418,-0.04886672875236973,-0.5521446894473011,-1.276266970236875,-0.468185141699827,-0.05339781104041079,0.08922752933348096
1755467679.9675963,-0.048698485286657975,-0.5542189473482302,-1.2791290462598028,-0.4289824379934013,-0.08100562285289294,0.09051212507500463
1755467680.0009506,-0.04740925702458326,-0.5408881255948589,-1.245516518995943,-0.3519861685599701,-0.18419479400771968,0.12020651898993925
1755467680.0343049,-0.048698485286657975,-0.5542189473482302,-1.2791290462598028,-0.4289824379934013,-0.08100562285289294,0.09051212507500463
1755467680.0676594,-0.04757188552069028,-0.5493553922703233,-1.2698287341436458,-0.3467637199373163,0.15976952286914461,-0.009050526585927591
1755467680.101014,-0.04835183154828608,-0.5518599641338021,-1.277184199286807,-0.45705405227901114,0.006055616427446489,0.05234357662027325
1755467680.1343682,-0.04886672875236973,-0.5521446894473011,-1.276266970236875,-0.468185141699827,-0.05339781104041079,0.08922752933348096
1755467680.1677227,-0.04886672875236973,-0.5521446894473011,-1.276266970236875,-0.468185141699827,-0.05339781104041079,0.08922752933348096
1755467680.201077,-0.04710666338969542,-0.5512655167213663,-1.2729889745486618,-0.40115714711669476,0.23775170105234728,-0.05450403495646211
1755467680.2344313,-0.048095800512895796,-0.5530303600705532,-1.2775779738386106,-0.3612421156682061,0.08776288966455235,0.016618005925710846
1755467680.2677855,-0.04816192775269104,-0.5521376592809153,-1.2762652991994459,-0.47013690782539774,-0.0525700536671432,0.0888408068096192
1755467680.3011398,-0.0475255986645941,-0.5430232393774856,-1.2494337420934378,-0.3257714291840615,-0.17530984767029703,0.11064191650674436
1755467680.334494,-0.04827726172084807,-0.5496087950840618,-1.2708048760143988,-0.5215339620615501,-0.04414485291165325,0.08486446696015126
1755467680.3678484,-0.04816192775269104,-0.5521376592809153,-1.2762652991994459,-0.47013690782539774,-0.0525700536671432,0.0888408068096192
1755467680.4012027,-0.048672802116982765,-0.5531170939867361,-1.278159027460604,-0.4225573671865427,-0.08013070430367013,0.10110396303692425
1755467680.4345572,-0.04850979724688807,-0.5505031294426339,-1.2715651057900397,-0.4557800094072248,-0.11114610142109267,0.10922546543278457
1755467680.4679115,-0.04740925702458326,-0.5408881255948589,-1.245516518995943,-0.3519861685599701,-0.18419479400771968,0.12020651898993925
1755467680.5012655,-0.04737157360713422,-0.5426245974223209,-1.248962061851461,-0.2782516127597959,-0.13223293968288613,0.08635437233979668
1755467680.5346212,-0.04886672875236973,-0.5521446894473011,-1.276266970236875,-0.468185141699827,-0.05339781104041079,0.08922752933348096
1755467680.5679772,-0.04740925702458326,-0.5408881255948589,-1.245516518995943,-0.3519861685599701,-0.18419479400771968,0.12020651898993925
1755467680.601333,-0.047019154156391366,-0.5415059271629776,-1.2457507178181002,-0.29896156546662245,-0.16565642056700128,0.10633675027341344
1755467680.6346889,-0.0488704049656356,-0.5521355751118998,-1.2763166096815395,-0.47792616293678986,-0.058709852920436977,0.08086889901176417
1755467680.6680446,-0.04886672875236973,-0.5521446894473011,-1.276266970236875,-0.468185141699827,-0.05339781104041079,0.08922752933348096
1755467680.7014005,-0.04827726172084807,-0.5496087950840618,-1.2708048760143988,-0.5215339620615501,-0.04414485291165325,0.08486446696015126
1755467680.7347562,-0.04772312128637259,-0.541412019212226,-1.246857114124547,-0.3675179357054905,-0.15933877582726622,0.1091508937927882
1755467680.7681124,-0.048672802116982765,-0.5531170939867361,-1.278159027460604,-0.4225573671865427,-0.08013070430367013,0.10110396303692425
1755467680.8014681,-0.048698485286657975,-0.5542189473482302,-1.2791290462598028,-0.4289824379934013,-0.08100562285289294,0.09051212507500463
1755467680.8348238,-0.04772312128637259,-0.541412019212226,-1.246857114124547,-0.3675179357054905,-0.15933877582726622,0.1091508937927882
1755467680.8681798,-0.0475255986645941,-0.5430232393774856,-1.2494337420934378,-0.3257714291840615,-0.17530984767029703,0.11064191650674436
1755467680.9015355,-0.04732333220160897,-0.5414307706169879,-1.247261418966475,-0.310537778205161,-0.13595327611749874,0.09366047284523482
1755467680.9348912,-0.0475255986645941,-0.5430232393774856,-1.2494337420934378,-0.3257714291840615,-0.17530984767029703,0.11064191650674436
1755467680.9682472,-0.04784151761350889,-0.543654253383079,-1.2509926660583877,-0.3378272880729732,-0.1482139772871952,0.09858552157925721
1755467681.001603,-0.0475255986645941,-0.5430232393774856,-1.2494337420934378,-0.3257714291840615,-0.17530984767029703,0.11064191650674436
1755467681.0349586,-0.0475255986645941,-0.5430232393774856,-1.2494337420934378,-0.3257714291840615,-0.17530984767029703,0.11064191650674436
1755467681.0683146,-0.04850979724688807,-0.5505031294426339,-1.2715651057900397,-0.4557800094072248,-0.11114610142109267,0.10922546543278457
1755467681.1016703,-0.04886672875236973,-0.5521446894473011,-1.276266970236875,-0.468185141699827,-0.05339781104041079,0.08922752933348096
1755467681.135026,-0.04827726172084807,-0.5496087950840618,-1.2708048760143988,-0.5215339620615501,-0.04414485291165325,0.08486446696015126
1755467681.1683817,-0.04816192775269104,-0.5521376592809153,-1.2762652991994459,-0.47013690782539774,-0.0525700536671432,0.0888408068096192
1755467681.2017374,-0.04827726172084807,-0.5496087950840618,-1.2708048760143988,-0.5215339620615501,-0.04414485291165325,0.08486446696015126
1755467681.235093,-0.04821221402116107,-0.5541132110264928,-1.2785609508232691,-0.38186436636892546,-0.04438140176720177,0.07435504095492904
1755467681.2684488,-0.04724780994290019,-0.5404403870556246,-1.2444204775063303,-0.3393501196248113,-0.14469832403819619,0.10270651462295004
1755467681.3018045,-0.048698485286657975,-0.5542189473482302,-1.2791290462598028,-0.4289824379934013,-0.08100562285289294,0.09051212507500463
1755467681.3351603,-0.048698485286657975,-0.5542189473482302,-1.2791290462598028,-0.4289824379934013,-0.08100562285289294,0.09051212507500463
1755467681.3685162,-0.04740925702458326,-0.5408881255948589,-1.245516518995943,-0.3519861685599701,-0.18419479400771968,0.12020651898993925
1755467681.401872,-0.04757188552069028,-0.5493553922703233,-1.2698287341436458,-0.3467637199373163,0.15976952286914461,-0.009050526585927591
1755467681.4352276,-0.04886672875236973,-0.5521446894473011,-1.276266970236875,-0.468185141699827,-0.05339781104041079,0.08922752933348096
1755467681.468583,-0.04784151761350889,-0.543654253383079,-1.2509926660583877,-0.3378272880729732,-0.1482139772871952,0.09858552157925721
1755467681.5019388,-0.04886672875236973,-0.5521446894473011,-1.276266970236875,-0.468185141699827,-0.05339781104041079,0.08922752933348096
1755467681.5352945,-0.04816192775269104,-0.5521376592809153,-1.2762652991994459,-0.47013690782539774,-0.0525700536671432,0.0888408068096192
1755467681.56865,-0.04816192775269104,-0.5521376592809153,-1.2762652991994459,-0.47013690782539774,-0.0525700536671432,0.0888408068096192
1755467681.6020057,-0.04827726172084807,-0.5496087950840618,-1.2708048760143988,-0.5215339620615501,-0.04414485291165325,0.08486446696015126
1755467681.6353612,-0.04740925702458326,-0.5408881255948589,-1.245516518995943,-0.3519861685599701,-0.18419479400771968,0.12020651898993925
1755467681.6687167,-0.048880779656012556,-0.5530469648244631,-1.276785986903664,-0.4760643578780419,-0.056392390946308206,0.07954165060176546
1755467681.7020724,-0.048698485286657975,-0.5542189473482302,-1.2791290462598028,-0.4289824379934013,-0.08100562285289294,0.09051212507500463
1755467681.7354276,-0.04886672875236973,-0.5521446894473011,-1.276266970236875,-0.468185141699827,-0.05339781104041079,0.08922752933348096
1755467681.768783,-0.04816192775269104,-0.5521376592809153,-1.2762652991994459,-0.47013690782539774,-0.0525700536671432,0.0888408068096192
1755467681.8021386,-0.04772312128637259,-0.541412019212226,-1.246857114124547,-0.3675179357054905,-0.15933877582726622,0.1091508937927882
1755467681.835494,-0.04827726172084807,-0.5496087950840618,-1.2708048760143988,-0.5215339620615501,-0.04414485291165325,0.08486446696015126
1755467681.8688495,-0.047730391524025986,-0.5499103510268705,-1.270329570519737,-0.4631335172811656,0.012537908534474465,0.05503535069524398
1755467681.902205,-0.04816192775269104,-0.5521376592809153,-1.2762652991994459,-0.47013690782539774,-0.0525700536671432,0.0888408068096192
1755467681.9355605,-0.04772312128637259,-0.541412019212226,-1.246857114124547,-0.3675179357054905,-0.15933877582726622,0.1091508937927882
1755467681.968916,-0.04827726172084807,-0.5496087950840618,-1.2708048760143988,-0.5215339620615501,-0.04414485291165325,0.08486446696015126
1755467682.0022714,-0.048672802116982765,-0.5531170939867361,-1.278159027460604,-0.4225573671865427,-0.08013070430367013,0.10110396303692425
1755467682.035627,-0.048095800512895796,-0.5530303600705532,-1.2775779738386106,-0.3612421156682061,0.08776288966455235,0.016618005925710846
1755467682.0689821,-0.04740925702458326,-0.5408881255948589,-1.245516518995943,-0.3519861685599701,-0.18419479400771968,0.12020651898993925
1755467682.1023376,-0.04740925702458326,-0.5408881255948589,-1.245516518995943,-0.3519861685599701,-0.18419479400771968,0.12020651898993925
1755467682.135693,-0.048672802116982765,-0.5531170939867361,-1.278159027460604,-0.4225573671865427,-0.08013070430367013,0.10110396303692425
1755467682.1690483,-0.04816192775269104,-0.5521376592809153,-1.2762652991994459,-0.47013690782539774,-0.0525700536671432,0.0888408068096192
1755467682.2024038,-0.046533297308955855,-0.5375186417422141,-1.2384998324332348,-0.3439460843004253,-0.20665829187338233,0.1250477256061567
1755467682.235759,-0.04740925702458326,-0.5408881255948589,-1.245516518995943,-0.3519861685599701,-0.18419479400771968,0.12020651898993925
1755467682.2691145,-0.048086335697335454,-0.5508822679033059,-1.272259061674073,-0.42753404778518295,-0.07762828143815796,0.09437669569956902
1755467682.3024697,-0.04816192775269104,-0.5521376592809153,-1.2762652991994459,-0.47013690782539774,-0.0525700536671432,0.0888408068096192
1755467682.3358252,-0.047019154156391366,-0.5415059271629776,-1.2457507178181002,-0.29896156546662245,-0.16565642056700128,0.10633675027341344
1755467682.3691804,-0.048698485286657975,-0.5542189473482302,-1.2791290462598028,-0.4289824379934013,-0.08100562285289294,0.09051212507500463
1755467682.4025357,-0.04886672875236973,-0.5521446894473011,-1.276266970236875,-0.468185141699827,-0.05339781104041079,0.08922752933348096
1755467682.4358912,-0.04740925702458326,-0.5408881255948589,-1.245516518995943,-0.3519861685599701,-0.18419479400771968,0.12020651898993925
1755467682.4692464,-0.048698485286657975,-0.5542189473482302,-1.2791290462598028,-0.4289824379934013,-0.08100562285289294,0.09051212507500463
1755467682.5026016,-0.047019154156391366,-0.5415059271629776,-1.2457507178181002,-0.29896156546662245,-0.16565642056700128,0.10633675027341344
1755467682.535957,-0.04816192775269104,-0.5521376592809153,-1.2762652991994459,-0.47013690782539774,-0.0525700536671432,0.0888408068096192
1755467682.5693123,-0.0475255986645941,-0.5430232393774856,-1.2494337420934378,-0.3257714291840615,-0.17530984767029703,0.11064191650674436
1755467682.6026678,-0.04850979724688807,-0.5505031294426339,-1.2715651057900397,-0.4557800094072248,-0.11114610142109267,0.10922546543278457
1755467682.636023,-0.048672802116982765,-0.5531170939867361,-1.278159027460604,-0.4225573671865427,-0.08013070430367013,0.10110396303692425
1755467682.6693783,-0.048672802116982765,-0.5531170939867361,-1.278159027460604,-0.4225573671865427,-0.08013070430367013,0.10110396303692425
1755467682.7027338,-0.04740925702458326,-0.5408881255948589,-1.245516518995943,-0.3519861685599701,-0.18419479400771968,0.12020651898993925
1755467682.7360888,-0.04827726172084807,-0.5496087950840618,-1.2708048760143988,-0.5215339620615501,-0.04414485291165325,0.08486446696015126
1755467682.769444,-0.04740925702458326,-0.5408881255948589,-1.245516518995943,-0.3519861685599701,-0.18419479400771968,0.12020651898993925
1755467682.8027992,-0.04850979724688807,-0.5505031294426339,-1.2715651057900397,-0.4557800094072248,-0.11114610142109267,0.10922546543278457
1755467682.8361545,-0.04850979724688807,-0.5505031294426339,-1.2715651057900397,-0.4557800094072248,-0.11114610142109267,0.10922546543278457
1755467682.86951,-0.04816192775269104,-0.5521376592809153,-1.2762652991994459,-0.47013690782539774,-0.0525700536671432,0.0888408068096192
1755467682.9028652,-0.04764941655727245,-0.5409200263860522,-1.2438601960586064,-0.32845600394788566,-0.17313234400194186,0.10450840106282422
1755467682.9362204,-0.0475255986645941,-0.5430232393774856,-1.2494337420934378,-0.3257714291840615,-0.17530984767029703,0.11064191650674436
1755467682.9695754,-0.04886672875236973,-0.5521446894473011,-1.276266970236875,-0.468185141699827,-0.05339781104041079,0.08922752933348096
1755467683.0029306,-0.0475255986645941,-0.5430232393774856,-1.2494337420934378,-0.3257714291840615,-0.17530984767029703,0.11064191650674436
1755467683.0362859,-0.048349762137102154,-0.5533718696037447,-1.277462283645139,-0.4615040155950443,0.010115507373545446,0.05058899745745742
1755467683.069641,-0.04752847134234963,-0.5380015699507206,-1.2396960630119185,-0.3528916425008011,-0.18400321434617745,0.11444916205596921
1755467683.1029963,-0.04850979724688807,-0.5505031294426339,-1.2715651057900397,-0.4557800094072248,-0.11114610142109267,0.10922546543278457
1755467683.1363513,-0.04740925702458326,-0.5408881255948589,-1.245516518995943,-0.3519861685599701,-0.18419479400771968,0.12020651898993925
1755467683.1697066,-0.04791887798763956,-0.5446382201847317,-1.253820234041758,-0.3087777406491811,-0.13976857675511312,0.08957860970614213
1755467683.2030618,-0.04723870805843891,-0.5501679053823098,-1.2720690112342532,-0.3963722925542245,0.18590500995879555,-0.02033442263666784
1755467683.2364168,-0.04784151761350889,-0.543654253383079,-1.2509926660583877,-0.3378272880729732,-0.1482139772871952,0.09858552157925721
1755467683.269772,-0.04816192775269104,-0.5521376592809153,-1.2762652991994459,-0.47013690782539774,-0.0525700536671432,0.0888408068096192
1755467683.303127,-0.04757188552069028,-0.5493553922703233,-1.2698287341436458,-0.3467637199373163,0.15976952286914461,-0.009050526585927591
1755467683.3364823,-0.048672802116982765,-0.5531170939867361,-1.278159027460604,-0.4225573671865427,-0.08013070430367013,0.10110396303692425
1755467683.369837,-0.047833756563648966,-0.5428842901712584,-1.2508248197342022,-0.34035640208245255,-0.14768959378497243,0.0987169360190849
1755467683.403192,-0.04791887798763956,-0.5446382201847317,-1.253820234041758,-0.3087777406491811,-0.13976857675511312,0.08957860970614213
1755467683.436547,-0.04827726172084807,-0.5496087950840618,-1.2708048760143988,-0.5215339620615501,-0.04414485291165325,0.08486446696015126
1755467683.4699023,-0.048672802116982765,-0.5531170939867361,-1.278159027460604,-0.4225573671865427,-0.08013070430367013,0.10110396303692425
1755467683.5032573,-0.0488704049656356,-0.5521355751118998,-1.2763166096815395,-0.47792616293678986,-0.058709852920436977,0.08086889901176417
1755467683.5366135,-0.04886672875236973,-0.5521446894473011,-1.276266970236875,-0.468185141699827,-0.05339781104041079,0.08922752933348096
1755467683.5699697,-0.0475255986645941,-0.5430232393774856,-1.2494337420934378,-0.3257714291840615,-0.17530984767029703,0.11064191650674436
1755467683.6033258,-0.04850979724688807,-0.5505031294426339,-1.2715651057900397,-0.4557800094072248,-0.11114610142109267,0.10922546543278457
1755467683.6366818,-0.047019154156391366,-0.5415059271629776,-1.2457507178181002,-0.29896156546662245,-0.16565642056700128,0.10633675027341344
1755467683.670038,-0.0488704049656356,-0.5521355751118998,-1.2763166096815395,-0.47792616293678986,-0.058709852920436977,0.08086889901176417
1755467683.7033942,-0.04816192775269104,-0.5521376592809153,-1.2762652991994459,-0.47013690782539774,-0.0525700536671432,0.0888408068096192
1755467683.7367506,-0.048880779656012556,-0.5530469648244631,-1.276785986903664,-0.4760643578780419,-0.056392390946308206,0.07954165060176546
1755467683.7701068,-0.04827726172084807,-0.5496087950840618,-1.2708048760143988,-0.5215339620615501,-0.04414485291165325,0.08486446696015126
1755467683.8034627,-0.04827726172084807,-0.5496087950840618,-1.2708048760143988,-0.5215339620615501,-0.04414485291165325,0.08486446696015126
1755467683.836819,-0.048672802116982765,-0.5531170939867361,-1.278159027460604,-0.4225573671865427,-0.08013070430367013,0.10110396303692425
1755467683.8701751,-0.048672802116982765,-0.5531170939867361,-1.278159027460604,-0.4225573671865427,-0.08013070430367013,0.10110396303692425
1755467683.9035313,-0.0475255986645941,-0.5430232393774856,-1.2494337420934378,-0.3257714291840615,-0.17530984767029703,0.11064191650674436
1755467683.9368873,-0.04740925702458326,-0.5408881255948589,-1.245516518995943,-0.3519861685599701,-0.18419479400771968,0.12020651898993925
1755467683.9702435,-0.0475255986645941,-0.5430232393774856,-1.2494337420934378,-0.3257714291840615,-0.17530984767029703,0.11064191650674436
1755467684.0035996,-0.04816192775269104,-0.5521376592809153,-1.2762652991994459,-0.47013690782539774,-0.0525700536671432,0.0888408068096192
1755467684.0369556,-0.04772312128637259,-0.541412019212226,-1.246857114124547,-0.3675179357054905,-0.15933877582726622,0.1091508937927882
1755467684.0703118,-0.04711650290873601,-0.5406897993579569,-1.2449879668005,-0.3429394640592922,-0.20990330783019465,0.12085036876283754
1755467684.1036677,-0.04827726172084807,-0.5496087950840618,-1.2708048760143988,-0.5215339620615501,-0.04414485291165325,0.08486446696015126
1755467684.137024,-0.04740925702458326,-0.5408881255948589,-1.245516518995943,-0.3519861685599701,-0.18419479400771968,0.12020651898993925
1755467684.17038,-0.04827726172084807,-0.5496087950840618,-1.2708048760143988,-0.5215339620615501,-0.04414485291165325,0.08486446696015126
1755467684.203736,-0.0475255986645941,-0.5430232393774856,-1.2494337420934378,-0.3257714291840615,-0.17530984767029703,0.11064191650674436
1755467684.2370923,-0.0475255986645941,-0.5430232393774856,-1.2494337420934378,-0.3257714291840615,-0.17530984767029703,0.11064191650674436
1755467684.2704482,-0.04740925702458326,-0.5408881255948589,-1.245516518995943,-0.3519861685599701,-0.18419479400771968,0.12020651898993925
1755467684.3038044,-0.0475255986645941,-0.5430232393774856,-1.2494337420934378,-0.3257714291840615,-0.17530984767029703,0.11064191650674436
1755467684.3371603,-0.04827726172084807,-0.5496087950840618,-1.2708048760143988,-0.5215339620615501,-0.04414485291165325,0.08486446696015126
1755467684.3705165,-0.04740925702458326,-0.5408881255948589,-1.245516518995943,-0.3519861685599701,-0.18419479400771968,0.12020651898993925
1755467684.4038725,-0.04816192775269104,-0.5521376592809153,-1.2762652991994459,-0.47013690782539774,-0.0525700536671432,0.0888408068096192
1755467684.4372287,-0.0475255986645941,-0.5430232393774856,-1.2494337420934378,-0.3257714291840615,-0.17530984767029703,0.11064191650674436
1755467684.4705846,-0.0475255986645941,-0.5430232393774856,-1.2494337420934378,-0.3257714291840615,-0.17530984767029703,0.11064191650674436
1755467684.5039406,-0.0475255986645941,-0.5430232393774856,-1.2494337420934378,-0.3257714291840615,-0.17530984767029703,0.11064191650674436
1755467684.5372984,-0.048698485286657975,-0.5542189473482302,-1.2791290462598028,-0.4289824379934013,-0.08100562285289294,0.09051212507500463
1755467684.570656,-0.048672802116982765,-0.5531170939867361,-1.278159027460604,-0.4225573671865427,-0.08013070430367013,0.10110396303692425
1755467684.6040137,-0.04850979724688807,-0.5505031294426339,-1.2715651057900397,-0.4557800094072248,-0.11114610142109267,0.10922546543278457
1755467684.6373713,-0.04886672875236973,-0.5521446894473011,-1.276266970236875,-0.468185141699827,-0.05339781104041079,0.08922752933348096
1755467684.6707287,-0.04816192775269104,-0.5521376592809153,-1.2762652991994459,-0.47013690782539774,-0.0525700536671432,0.0888408068096192
1755467684.7040865,-0.048672802116982765,-0.5531170939867361,-1.278159027460604,-0.4225573671865427,-0.08013070430367013,0.10110396303692425
1755467684.7374442,-0.0475255986645941,-0.5430232393774856,-1.2494337420934378,-0.3257714291840615,-0.17530984767029703,0.11064191650674436
1755467684.770802,-0.04772312128637259,-0.541412019212226,-1.246857114124547,-0.3675179357054905,-0.15933877582726622,0.1091508937927882
1755467684.8041596,-0.04827726172084807,-0.5496087950840618,-1.2708048760143988,-0.5215339620615501,-0.04414485291165325,0.08486446696015126
1755467684.8375173,-0.04740925702458326,-0.5408881255948589,-1.245516518995943,-0.3519861685599701,-0.18419479400771968,0.12020651898993925
1755467684.870875,-0.04784151761350889,-0.543654253383079,-1.2509926660583877,-0.3378272880729732,-0.1482139772871952,0.09858552157925721
1755467684.904233,-0.048086335697335454,-0.5508822679033059,-1.272259061674073,-0.42753404778518295,-0.07762828143815796,0.09437669569956902
1755467684.9375906,-0.04886672875236973,-0.5521446894473011,-1.276266970236875,-0.468185141699827,-0.05339781104041079,0.08922752933348096
1755467684.9709482,-0.047019154156391366,-0.5415059271629776,-1.2457507178181002,-0.29896156546662245,-0.16565642056700128,0.10633675027341344
