Fx,Fy,Fz,Tx,Ty,Tz
-2.3120014853508803,4.988521995714863,-0.06982744748960878,-2.753539876658733,-0.7846589352492027,1.1375169187767113
-2.323790972805336,4.959035251344828,-0.10692887612777174,-2.722619591454309,-0.7741806468467143,1.1206361578440973
-2.346432241303708,4.991279198890448,-0.10891134768631527,-2.735136811060016,-0.7835679902120339,1.1229795782297083
-2.294275459233897,4.9965078229248165,-0.10445731261977886,-2.7368589573093645,-0.7637309088002036,1.150628288877256
-2.3689991638394536,4.982385033740231,-0.037821849305166355,-2.766090063899266,-0.8166030080697821,1.1078491225989715
-2.340843464013448,5.019984461467703,-0.05783270378487726,-2.7678782153636186,-0.7990142760076717,1.1308743942189703
-2.2909591149425625,5.009012582399831,-0.07900732468351268,-2.7550530088565037,-0.7728610083200599,1.1559055490228145
-2.394404310577516,4.952860370260825,-0.019647196707122616,-2.7597150169566955,-0.8356655011578648,1.079900370201729
-2.2956500257149592,5.016354420213875,-0.07936856243186285,-2.7577443022174735,-0.7747075048947635,1.1574564231799795
-2.3725266273458305,4.951527360721709,-0.06043039172529718,-2.7415247773195177,-0.810652329732883,1.0906080235789055
-2.340123730922489,4.934421280402153,-0.11592549618104897,-2.7049256399392174,-0.7796426141744147,1.0998853396456092
-2.3436268824570368,5.000487558036397,-0.04522964973587945,-2.7680769066759665,-0.8052681341195921,1.122006779145781
-2.352386735903438,4.966995683565437,-0.11167547851220533,-2.720080301644853,-0.7830879312806159,1.1044489412591831
-2.3448047129235543,5.018854994401207,-0.06779522259042442,-2.7657494533064475,-0.7986934190805094,1.1299578264318222
-2.358363032995627,5.004544871092786,-0.06256048139771891,-2.761435969693563,-0.8062616809402372,1.117140180031483
-2.3404290244116233,5.033044157163096,-0.022610761370488563,-2.7984955833595078,-0.8188563607733621,1.1403508986119468
-2.291115429997155,5.044120353403628,-0.15934800648886388,-2.728907451648656,-0.740121551630743,1.1615647055493823
-2.342213791774246,4.992286123849437,-0.06619350123393963,-2.7576036442999827,-0.7974219224330321,1.119616273787014
-2.330416781450593,4.9666536494343845,-0.09058008332950507,-2.7338550970732,-0.7815008873873218,1.1162315795161546
-2.3579549825770605,4.975509772981288,-0.1010938620552197,-2.731321564497396,-0.7904896547834418,1.106544626710016
-2.2790194979720533,5.021770171521549,-0.12781046748694003,-2.738350048358694,-0.7523400858079119,1.165865057380074
-2.2869557987445543,4.947576436796859,-0.1710154771728129,-2.6833203932516208,-0.7363255410670114,1.1330532615138504
-2.368025255325347,5.002760779961432,-0.04934788783412786,-2.7707338019875847,-0.8134115258023149,1.1133952370761309
-2.3299388577838194,4.987412808476452,-0.02159550138813643,-2.77699451566148,-0.8126930702344819,1.1309569653370817
-2.3075341269821235,4.942253970940311,-0.11257261471769964,-2.7100171994613804,-0.7676238976552977,1.1207499423806946
-2.313511884300582,4.942742872186887,-0.09601524379612775,-2.717186520490639,-0.7758214951692027,1.1183105834497802
-2.3624359468920684,4.935405711704248,-0.09182228274019838,-2.717448979820019,-0.7970924416356127,1.0911645519835385
-2.3228525468708052,4.954316280998359,-0.07071097222459494,-2.734845363304468,-0.7875873074556992,1.1162230532172164
-2.266051490537808,5.024941568221807,-0.016287811136073693,-2.795031810363849,-0.7876136679440077,1.173565192106008
-2.3781508635096467,4.987444894481065,-0.03148287707673403,-2.76797013500641,-0.8228249444253614,1.0966907315183634
-2.3343808331940106,4.937043490255866,-0.14507421779640434,-2.68998493145301,-0.7644082809554417,1.106933320457697
-2.3009396773027206,4.95581092531007,-0.0707229106583614,-2.733791267167626,-0.7769772127402634,1.130339116135291
-2.3684533557969356,4.940773310798083,-0.06526447955130454,-2.729422642061155,-0.8049358136783719,1.0883533824186888
-2.35504357749375,5.018311332162505,-0.030424649884343957,-2.7839973537074205,-0.8150549179454731,1.1259867623710318
-2.3385504770601258,5.004225201964527,-0.07285558952203963,-2.75774109080783,-0.7963599659155903,1.1326683318565152
-2.3716776744520045,5.021103100260052,-0.018189967796833628,-2.7906915583699567,-0.8271838477287761,1.1187103274212915
-2.2993367654663843,4.997020120537827,-0.12535202565665376,-2.7253378643270367,-0.7561259659427704,1.1432079252752583
-2.3611028036297665,4.969961843297124,-0.11148331385245336,-2.7222208624254662,-0.7871046208836163,1.1025796005435982
-2.3326280961166055,5.031391547320667,-0.03154109588506582,-2.793323483553845,-0.8103812918937895,1.1487499509002557
-2.3590065129439166,4.978991276167262,-0.07408716261568621,-2.7488078757072953,-0.7999911645568663,1.1129982370687788
-2.3402640121370846,4.940704061462571,-0.10261042312549212,-2.7142800891614005,-0.7832001292655425,1.1052455709118492
-2.30560554680913,4.972746489513623,-0.13102535712527769,-2.716449366988085,-0.759513854824289,1.1347956070735064
-2.3212265091002973,4.9472454330143325,-0.12190973032403357,-2.7064057099393115,-0.768756850087796,1.1160319062676156
-2.3285191081535332,5.017349297180701,-0.08866724132766424,-2.7564406182425882,-0.7862241324186416,1.141207437832241
-2.319946224684836,4.9843126647454605,-0.09440538175339463,-2.7361180860163445,-0.7785615400899263,1.1286615294636515
-2.280147580143673,5.009195663871896,-0.05601661451307932,-2.7675813732989996,-0.7770517444219825,1.1582508993300935
-2.3198531476208655,4.931010390380677,-0.09651215016773323,-2.7147263968192,-0.7760819256596451,1.1111420743247613
-2.391492665430717,4.984303191570719,-0.08539280323899917,-2.7418443828683903,-0.8082886889418449,1.0935427336910568
-2.3501025674511373,4.971009360633541,-0.025159573830422666,-2.7669611042874585,-0.8143810576179229,1.1101454486884024
-2.3558161305488285,4.980457600593596,-0.00813296298777283,-2.781274176100171,-0.8251292209789487,1.1171609442330397
-2.3197916095638225,4.9930934446164175,-0.06025953903049214,-2.7584416304790915,-0.79350809129072,1.1360737649613375
-2.331220330032366,4.9775398309414935,-0.05068344293964466,-2.7587923004041155,-0.804188998687156,1.1263986457283108
-2.3151508828161624,4.93943858559793,-0.1501817396161753,-2.6865372340862064,-0.7539808946448688,1.1129510690570705
-2.315536266650638,4.9207005706898235,-0.13101768485936954,-2.691302767255309,-0.7624470622677308,1.1115814940317201
-2.283641432672193,4.99503893448161,-0.08422948039545791,-2.7512736390770756,-0.7713355270074875,1.1608317966555564
-2.3324932490929045,4.907675886265844,-0.11235977251067203,-2.697480618751896,-0.7773048546766561,1.1008643964829148
-2.352715583737316,4.967710591326275,0.0009433831030683515,-2.7767599679784043,-0.8253395248594818,1.1052761348823157
-2.3869414546120775,4.974477242583165,-0.031155815207069892,-2.7659860767702544,-0.8264039371713017,1.0922080689602747
-2.28567960333191,4.949497439629156,-0.07704438003294828,-2.730625553199356,-0.7700317384350276,1.135921301615016
-2.3776574205879317,4.9493291505033605,-0.03358889189922898,-2.7534125805703202,-0.8212851807222562,1.086770735319115
-2.2833419185999793,5.036275800099324,-0.06519221356571325,-2.775989742948224,-0.7779114088939778,1.1700257879966376
-2.3088285465711955,4.946236038470537,-0.11218951619940903,-2.7161996067078857,-0.7667210587144642,1.1223936145452982
-2.374872425738575,4.959321128047461,-0.04906454367283031,-2.7521362598509387,-0.8170562147549257,1.0932837505353328
-2.3432504293792795,4.96994221253618,-0.08535145597756127,-2.738437661271694,-0.7928856058605963,1.114037076044954
-2.3197433758455146,4.991642375886354,-0.023438433223992527,-2.774593925191854,-0.8064347951737354,1.1332576563464707
-2.3243226805813744,4.991541411390582,-0.09336692602898095,-2.7390599651050844,-0.7804823676473432,1.1316144809517896
-2.3938938643845518,4.972633777179148,-0.026937802531611932,-2.7635672454271525,-0.8344766986705496,1.0870847373179335
-2.342809872979482,5.082069206528654,0.012412040450311579,-2.8314814490910334,-0.8313883223035391,1.1539276410750985
-2.3596866893157395,4.951036834156193,-0.09798477293740188,-2.718650286075334,-0.7926429964075087,1.0940959462752091
-2.3635734404016686,4.9494812438977185,-0.06698096077959148,-2.7373944428221715,-0.8086142832664084,1.0969755715977583
-2.3199426961968066,5.0058383398806185,-0.08206495509163064,-2.7489008985931735,-0.7813399987141375,1.132039737580673
-2.3236943280726523,4.9995675901937044,-0.09590100865525086,-2.740294971158134,-0.7781018391444884,1.1302587504477457
-2.3328747550508417,4.954864944343971,-0.06770691146853353,-2.7366345624425255,-0.7963724017737305,1.11450891624361
-2.325112315711433,5.017189787286474,-0.06804331354901594,-2.7637005922618876,-0.7907351493394168,1.140532500304026
-2.3924591168965583,4.970830230556455,-0.04707083643115523,-2.7538144544031877,-0.8213531237113955,1.0852337717914642
-2.3333472294636333,5.03880843012449,-0.012961110503143525,-2.799564616749125,-0.812666479178766,1.1435721523014393
-2.2920324727688675,4.9574669407636,-0.12090794997509219,-2.711474228227567,-0.7569062814783307,1.13331928309223
-2.2937927660908004,4.963888162214557,-0.10124727270147815,-2.7272896567277516,-0.7685682906775414,1.1378718955522273
-2.3377000279195546,4.913343546067353,-0.18049094846781955,-2.665064444417193,-0.7553306460839847,1.0972278423683082
-2.299126383232378,4.975049079863432,-0.09774654579043746,-2.7331092354236923,-0.77148880910146,1.1396811856864564
-2.29225539904414,5.010329973443131,-0.07341261591716969,-2.7599374914618893,-0.7790593206021857,1.1566659490319664
-2.3917940503409967,5.013608851388687,-0.03429747167238473,-2.779556752624706,-0.8327057085720166,1.106247388576657
-2.336890984400405,5.007968007534957,-0.044894983704371005,-2.7715220658556707,-0.8070601164798767,1.132363336514935
-2.330580842760971,5.029484112102259,-0.03716635107989402,-2.783700749991251,-0.8048278843954948,1.1402155675795562
-2.3413411386991125,5.016375760566323,-0.09912050018438379,-2.7498189033501603,-0.7869371787059449,1.135863788901564
-2.3578048824908424,5.05006695869304,-0.06256497254631954,-2.7794575091203995,-0.8058756451021047,1.136088555126306
-2.3610405907443783,5.002662370599701,-0.07773478456730215,-2.752579455898345,-0.799967092504646,1.1160232257858986
-2.3239226412909626,4.966006885565233,-0.1353810239403434,-2.707096530416192,-0.7642576373677991,1.1227933134903905
-2.297962044704959,4.956380482022199,-0.11035387395921942,-2.7152692084533956,-0.7636924541839268,1.130995215983316
-2.3397138175373975,5.005034564995963,-0.0662507725039389,-2.7601499394286964,-0.7970729803471343,1.1276919925517943
-2.3731529166682006,4.980105382539839,-0.09214235731307563,-2.7341142575191903,-0.7993145518060221,1.098876460274096
-2.284758993915794,4.985322860066873,-0.11490193801632759,-2.7261454282110953,-0.7576476740826475,1.150190158028882
-2.3445955235051636,5.0233348142114,-0.04018869107424994,-2.7798397753018564,-0.8089187818669714,1.134140710374071
-2.3380841970287567,5.014112917203252,-0.07717464961703308,-2.7588116468659973,-0.7906324108343952,1.1333469930099875
-2.284797326192397,4.926097053878141,-0.18237090542283763,-2.6702213508760155,-0.7305897926872067,1.1298632481196047
-2.3111541037221497,4.928625792190641,-0.09377880467600924,-2.7136071854535566,-0.7758144530566652,1.1164948143925157
-2.318529640707727,4.956265674888113,-0.07935039107238623,-2.7332734164543147,-0.7880345354397408,1.1245322255930261
-2.3864542312104415,4.932344638553687,-0.05244787145124291,-2.7350358086168542,-0.8201785184297605,1.0782260914592732
-2.375686757803593,4.962349227027108,-0.06714422343852422,-2.7419744448366323,-0.8100014256624787,1.0969079848052843
-2.389197368410767,5.032368970017212,0.002131123752830033,-2.8085382389689926,-0.8446026397330083,1.117121630403578
-2.336212333499888,4.9945755607011995,-0.02858744553360032,-2.7750059935024654,-0.8121447962693208,1.12721403674306
-2.3567108163028916,4.962037358782145,-0.09094575572861802,-2.7278702364697316,-0.7950275833438689,1.1032802260142416
-2.3776333048117144,5.003344693007401,-0.0418494537437048,-2.7728456044345133,-0.8245426398933859,1.1115604866021067
-2.3549025274894926,5.006712162948337,-0.036134885897286695,-2.778979433831303,-0.8160299531172648,1.1209812643882076
-2.3126278714687665,4.98308896172979,-0.14236822122140763,-2.7121052148659706,-0.7582422211289839,1.1353744120104816
-2.314725253414629,4.961800726160395,-0.09674954638535072,-2.729961241272789,-0.7778524731584883,1.1260171185688008
-2.3349503513876884,4.96897438886602,-0.1098678381598846,-2.727705301093257,-0.7779109248315244,1.1204751421711368
-2.3005994782901684,4.995137538216297,-0.07902041862243708,-2.7515218870880824,-0.7762177567207937,1.1455831400853194
-2.325551472961151,4.992033684251457,-0.09138124112477808,-2.740772699708425,-0.779905264513025,1.1290525618912206
-2.3854791778460576,4.999864381689379,-0.005696364104404272,-2.78790476255956,-0.8373837026634471,1.102605881855097
-2.3154168548035954,4.9070298100779075,-0.16354815322627392,-2.6692941683534914,-0.7490118075580908,1.103350658067207
-2.369094582412039,4.935647466556345,-0.04866975025127096,-2.742914320973962,-0.8159761189030225,1.0887046077302664
-2.3181332209902004,4.982058839605801,-0.09086060025983189,-2.7379459044889933,-0.7775517458371423,1.133661460035238
-2.3553170915571986,4.982850976320562,-0.07308719259673568,-2.7487146803644875,-0.799049445255225,1.1136883095924728
-2.370951848281092,5.028958957198144,-0.04636077016075446,-2.7800595852497056,-0.8154466221645725,1.119856874714381
-2.337567103437,5.0282728032088855,-0.07226861634874726,-2.765820225768742,-0.7917284802511096,1.1355343294188354
-2.3763411839957547,4.990395101411019,-0.07111047292051442,-2.748576544192491,-0.8093381547596693,1.1013916361571692
-2.324349322682696,5.000324060451759,-0.0581967566433621,-2.7616194192524084,-0.793250466460935,1.135908139139518
-2.3923010857626212,4.937648538420411,-0.01710417816608295,-2.756334421198328,-0.8371070998143532,1.0785582871312824
-2.357760538667209,4.9937900557565476,-0.01545049066574955,-2.780878262591429,-0.8247469756018876,1.1167098152137707
-2.3298859831734626,5.010062171175401,-0.1026854108592628,-2.7434924066918547,-0.7762124452084381,1.1305689182783254
-2.3755970049863344,5.018243097466852,-0.060648810426257194,-2.7698715447799866,-0.8118571656686177,1.1146705413011302
-2.3942934041192663,4.991569921766475,-0.06711513479824577,-2.75550824161213,-0.8181100148069553,1.0961866380104925
-2.3483688392408495,4.986672734777563,-0.1143743201695151,-2.729013111537752,-0.7770499544689995,1.1139511223511998
-2.3836936186347297,5.035434329508171,-0.01594896807663071,-2.800762591234069,-0.8307073995817229,1.1160173456548972
-2.361675901092892,4.991279218997764,-0.05610916733232385,-2.763374091504711,-0.8083799442267267,1.1132666218877587
-2.3468673425650293,4.988031142101065,-0.0970729248066271,-2.7379579992157828,-0.7855582078662098,1.116085178937686
-2.3289823261614764,4.956949846352481,-0.09568847137147107,-2.7270618104471365,-0.7807935864583175,1.11530857870934
-2.334926288354674,5.034177706637696,-0.060123342323904205,-2.7779235470278345,-0.7955514357264137,1.1386397023171977
-2.3657048458372074,4.94909859533912,-0.12904950677040977,-2.707135854464535,-0.7800407225610275,1.09355765642265
-2.304780735468433,4.980856432853005,-0.1634300255604414,-2.702197989184696,-0.7467322139600323,1.1368341280148055
-2.409860314991907,4.958653591057649,-0.0530630203275011,-2.7507770632861677,-0.8271589463840909,1.0747388481902076
-2.339779126530294,5.027758612080481,-0.09033471200894533,-2.763183511876018,-0.7888651496998595,1.1392635449050947
-2.3135506350703294,4.955313754820324,-0.11963515270336217,-2.714560992405863,-0.7657652046870508,1.1277104544735923
-2.3084782302707874,4.972774354013254,-0.0703807034464281,-2.7458286206009177,-0.7843910394687568,1.1347171439272747
-2.373717951775737,4.980973814233903,-0.07772968667282248,-2.7453888260767076,-0.8079005078089585,1.1036260261538886
-2.3683843029771188,5.013948463273797,-0.0611243833929031,-2.763651708915622,-0.8094126409801621,1.1146513408793297
-2.3120972967229325,5.036717086388911,-0.10293693674304877,-2.7545756418316936,-0.7716605586198688,1.154429325275251
-2.354291127893298,5.007551966121379,-0.09827191992451662,-2.7418450689308367,-0.7880606741881176,1.117696889315663
-2.348791621253931,5.05029273171678,-0.030871030571315905,-2.7965156060279437,-0.8169334571016118,1.1426431708967737
-2.371523529131738,5.013020424773186,-0.0637355814312276,-2.764460927578204,-0.8105416150692367,1.1141211818578676
-2.420853393642601,4.954055435413261,-0.09857277631834288,-2.7237285044319717,-0.8154221597160538,1.0688788012220816
-2.3437109449510523,5.041613055373364,-0.09403914729076507,-2.7668079835962778,-0.7906465137489758,1.1449185753536983
-2.365171794852728,5.022260093251075,-0.07516847847023134,-2.7672071972486685,-0.8049532903991634,1.1268715126964168
-2.333584394505899,4.989737751472972,-0.052920245672652244,-2.764597741366577,-0.8042682541809467,1.1295684373278188
-2.373369382212768,5.032060477355975,-0.0005343471134993116,-2.809900104656625,-0.8389073008441802,1.1285753537509242
-2.3292332528181245,5.005066459191247,-0.1032876411866675,-2.7454949881244564,-0.777850451107969,1.1375423061373322
-2.3820655437116804,5.042402950055839,-0.05602776869640802,-2.7817232778228616,-0.8147379195744426,1.1209513177716852
-2.40112361402696,4.972634772077368,-0.1055185746938282,-2.723328200326814,-0.8028465018752649,1.0839144380967034
-2.39067892558052,4.952776703689041,-0.08046796607812784,-2.729197619952528,-0.8085607994529184,1.081300887450585
-2.329576765304908,5.049247384095353,-0.031376438793507266,-2.7975360343463764,-0.8070204567189303,1.150415681203825
-2.3409927710851735,5.058926493037809,-0.023140768854146454,-2.806465498366643,-0.8124130576098473,1.1492733453874142
-2.3571997674664815,4.951237964874673,-0.10812550699352924,-2.7199103269128635,-0.7866940766716588,1.1027200996408748
-2.361697278024049,5.023317276461358,-0.09037908672931377,-2.75822010466837,-0.7986493573966631,1.1249324129979212
-2.39278145443823,4.959767188693921,-0.10414066013684176,-2.7269670615903476,-0.804883609903568,1.085383949454556
-2.376700800113547,4.927762205887121,-0.05918580220115577,-2.731232478067309,-0.8145270466512629,1.0818356037130443
-2.393167006769101,4.944598580609284,-0.036947418475679894,-2.748840355567721,-0.8305003168224894,1.0789038703657283
-2.2819947764268336,5.030836591725717,-0.1494639424666454,-2.7309019241735206,-0.7461039190676414,1.1682523081547025
-2.3335238365497215,5.061833415422283,-0.09119812864132082,-2.7716018937163533,-0.7860184378570295,1.1516810162522417
-2.397557128304899,4.951766305291737,-0.10052925482443409,-2.719277834458267,-0.8070165758751243,1.0786418642964442
-2.3886430225208533,4.996900749778764,-0.0031243230720561233,-2.7908029198602944,-0.8443050685316366,1.1044775976201444
-2.30120371439499,5.0307758321046325,-0.09224116972376256,-2.761548503787412,-0.7754289574466289,1.1630501613161817
-2.31745052032126,4.992636355741894,-0.1675436300807162,-2.7047266548202633,-0.7480809880503212,1.1370804306099636
-2.3999785551281025,5.046399254693348,-0.013661007168424277,-2.8079231673598453,-0.8425275978546145,1.1186648368386176
-2.400635636209164,4.979232927988607,-0.07407359006607189,-2.7448162464785124,-0.8160318178398814,1.0895357347317662
-2.376914908097312,5.020082945696548,-0.024492938515110974,-2.7908520829860315,-0.8271239730319508,1.117422877366206
-2.3489475369725414,5.008719007764902,-0.06819988574651131,-2.761155692420786,-0.7989962036824549,1.1265381562909424
-2.309072720927805,5.036221233583806,-0.1360559520577989,-2.7401139588276204,-0.7596645131260553,1.1586640759164206
-2.324993955894833,4.989389322130492,-0.12517520658343056,-2.7223327180713075,-0.7665954449324944,1.1283420317202326
-2.327594960625872,5.0345063348898265,-0.07792200481170503,-2.76658855994947,-0.7836206305316655,1.1436089907579554
-2.39335628918923,4.988710818444794,-0.07236602691321192,-2.7503743521412884,-0.8124883523231763,1.0951611982934397
-2.3824875191407795,5.03839256849697,0.0010135203203250898,-2.813933050449456,-0.8411622611310736,1.1231753156511484
-2.3231161830747693,4.995541967876509,-0.11172096215888733,-2.7353363052276647,-0.7741961782496947,1.134514619528402
-2.3207547190160693,5.056398958442722,-0.04329142739506642,-2.794251841571167,-0.7971537048217713,1.1576472518850742
-2.3216446790151752,4.979869008359398,-0.11605479992769879,-2.7270939985920406,-0.7680311082900211,1.1299781998456966
-2.295346476308786,5.038975377932752,-0.03460243698843307,-2.7921830166082784,-0.7904790177449492,1.164543963040885
-2.331385528613911,4.981215259851608,-0.12137650939186662,-2.7221277961515598,-0.7732791867122257,1.1283961844169585
-2.3435976081798895,5.006421325214555,-0.08676154085580623,-2.7525511495457637,-0.7902527866274832,1.1331616807132414
-2.42612616607862,4.92845467716194,-0.0742601786212071,-2.729885253790832,-0.8272152011434937,1.0639321352889977
-2.3107497484610033,4.99610165794453,-0.07840825857998396,-2.757265048419207,-0.7862256999605386,1.1525596748847404
-2.271063925083166,4.999310625309745,-0.09632487734507306,-2.746931203051581,-0.7612790225479473,1.1707713881272288
-2.3454398632273485,4.972436493751755,-0.07492888889007948,-2.7414201537859078,-0.7956756571249775,1.116303877582286
-2.258065801325076,4.974960404377511,-0.10041442181349725,-2.728757750721753,-0.7521545036798746,1.159024508820233
-2.3174904854408442,4.973685094991446,-0.0721230957777122,-2.743758395794189,-0.7865535235604778,1.1292300588410877
-2.3372639811477556,5.002497750303482,-0.11842834765965854,-2.7327313314576602,-0.7754014939855628,1.1276165375628182
-2.3546172509079946,4.996774639441565,-0.08210623129178202,-2.746398332573853,-0.7929785854473599,1.1137272924853052
-2.3521270021882974,4.967010673534261,-0.080231198847178,-2.7359754478692206,-0.7950463527396874,1.1082923173005006
-2.404554144759896,4.937435330559768,-0.09342311716456914,-2.7199909069477917,-0.8136060652008278,1.071858890538089
-2.316262040397804,4.9938747366623835,-0.10053197407838843,-2.7424037789361537,-0.7753690969443827,1.137767501636997
-2.3335095764552602,5.027172173030418,-0.013145930699458741,-2.7957947354404866,-0.8124612650144836,1.1365898221245945
-2.3104953741323855,4.957214416889234,-0.10405385670807188,-2.723340848470011,-0.7692191561157669,1.1239130479772745
-2.3891891962324783,4.973665636245031,-0.056801854249329875,-2.7529423818691874,-0.8187512172836975,1.0932830499536987
-2.360881874090725,4.982178111714971,-0.06156925069714375,-2.75609944462309,-0.808726392613753,1.1138823781586695
-2.2892994228661707,4.993117654062009,-0.12523126998389034,-2.7316391653184966,-0.7603308911298285,1.1573385068888002
-2.399178381107192,4.992918585618418,-0.022355002073867425,-2.78516333011882,-0.838212159778039,1.1007602362225637
-2.3572453585285444,4.992966809109559,-0.09389876980247486,-2.7420857479333156,-0.7946988280034905,1.1186533767212716
-2.3756833776588984,4.980401054806207,-0.02950887549047393,-2.7684357111195026,-0.8254261579579066,1.101778795995611
-2.365616104009846,4.94477390962033,-0.07571717998291116,-2.7290546223855503,-0.8043257197917202,1.0920621895075424
-2.3781787374034593,5.026091919199639,-0.07121971656420673,-2.7674054038513667,-0.8174614645126205,1.1227622935340953
-2.3244172529062266,4.952317091947925,-0.17906195171086514,-2.677962291117734,-0.7480742308951831,1.1145613703364434
-2.3398697254707805,5.009360030518263,-0.04816648296032616,-2.7720726840259813,-0.8077166335799616,1.134079319791685
-2.338426412751681,4.962060794337556,-0.1420164427053191,-2.7043107532700206,-0.7690517719728236,1.1147841357045594
-2.4147291125742223,5.005803725625159,0.00227410148900703,-2.797323656289859,-0.8563196836884411,1.0944590963406113
-2.403614177118866,4.92065555962128,-0.11319522159490975,-2.701179953265269,-0.8021544374705584,1.0640358492032436
-2.3385942978643004,5.0274471357218165,-0.047594100399000694,-2.7793112907598627,-0.8011758089645892,1.1356402859642856
-2.3274100265917337,4.945735383217792,-0.10317913960757341,-2.7150946223441506,-0.7756272771047678,1.1097858337952924
-2.3157755832762463,5.024860612283211,-0.07772204623454126,-2.76456983712728,-0.786927027427875,1.149484764158291
-2.288244773965888,4.9867978809055735,-0.14556960276587178,-2.714398677849131,-0.7480534090518131,1.1502897848686902
-2.3294745566402093,4.987862175606278,-0.09061544931362375,-2.739032075337107,-0.7853656881168369,1.1264550862432239
-2.3509095539054257,4.977443385216653,-0.014824261897861235,-2.7736182107559606,-0.8205689743199943,1.110715235191146
-2.335854799764231,5.0172978282140255,-0.059630498292009615,-2.7677261598212466,-0.7985682584846631,1.13499265266789
-2.3291150326498866,4.980108805404196,-0.11101743417189947,-2.7277810086709677,-0.7753769640266646,1.1249299720791184
-2.357298911963413,4.965490932498974,-0.09253346868420204,-2.7306372750921155,-0.7901091237839963,1.1025438020280758
-2.3554081377049623,5.0119396874741176,-0.06237780846260543,-2.7638475206836572,-0.8011934512741989,1.1179628322624608
-2.3429288435964626,5.031796084310999,-0.040377077138286976,-2.784909714900738,-0.8060854238812359,1.1308876885123846
-2.3546074265050816,4.987437916529396,-0.08666406460542692,-2.7414032538213435,-0.792257044909692,1.1108361311822932
-2.3044729102689856,4.972235230398727,-0.11238377140644734,-2.7279980103111674,-0.7636591553996521,1.1343601977787656
-2.305131464879355,5.05716821107577,-0.076810931585446,-2.780663821749154,-0.7824176388732613,1.169828860981237
-2.344112239488402,4.989115719993997,-0.09606648771211612,-2.7364766477192886,-0.7854867847607131,1.1184326288203812
-2.372122242096889,4.950814299337938,-0.04352321445646046,-2.7491248522971987,-0.812869139357388,1.0892540610743435
-2.3336518845509837,4.968718594097955,-0.1118725710126725,-2.7215633855836487,-0.7739781946951532,1.1155060171410727
-2.348380646291308,4.949696950165688,-0.053878661311372644,-2.7479452679507137,-0.8072204572325622,1.1067392301582242
-2.335994380780095,4.990219922531106,-0.10414201253316063,-2.735371679324376,-0.7830567641973777,1.1237307173534932
-2.3654851303452453,4.977870744840294,-0.03426499509233949,-2.765910810375612,-0.8237046251421586,1.1070691254350369
-2.2918626132910713,5.008122174801084,-0.06174815692097635,-2.763215956807079,-0.7816148910550764,1.150686676378431
-2.3386528065706806,4.9230741445605615,-0.1370426170745342,-2.6882388573448095,-0.7709554790749439,1.097810025643614
-2.3202554261237616,4.985962464331706,-0.0713309637785916,-2.752026538577351,-0.7876141497629806,1.1289232397518434
-2.3118399291055383,4.995080184044047,-0.028523408635229675,-2.77819612798394,-0.7999971711435212,1.1369096637003542
-2.3999108960113857,5.002832158506258,0.025263649442073433,-2.808599780199733,-0.8536377466090781,1.0948778152412295
-2.3111692501574654,5.023887970608771,-0.0604075618588632,-2.773258938411533,-0.7902037411998792,1.1477702265667007
-2.3230635202057774,4.988995515173025,-0.11665575524350569,-2.732051694382373,-0.7774393583971668,1.1320785575527692
-2.315099767313649,4.97554868707986,-0.14111420544905856,-2.713203655728831,-0.7616869058858418,1.129431928873598
-2.3271763070720466,5.042630134893579,-0.0939022358088657,-2.764467682613021,-0.7846156607917871,1.1525459585565403
-2.380202453756541,5.023145468561274,0.0016852542999334919,-2.8033161704122427,-0.8413137160255271,1.1152471109252255
-2.318897158944442,4.989736082972838,-0.10741338633807695,-2.736594535684638,-0.7762698073277421,1.1339690655279737
-2.3202623730013077,4.990411817754258,-0.07464948897152607,-2.751914540333024,-0.786695295983366,1.1307358186557799
-2.337742743815965,4.964317904636267,-0.0942294723994127,-2.731157977924501,-0.7829966856036681,1.1131816828721408
-2.327989157103148,5.003396526356093,-0.07556037367447704,-2.7581513847528742,-0.7890486442203859,1.134708406965405
-2.299779966112638,5.005867874296381,-0.1416098342119158,-2.7234610283792735,-0.7511272259652795,1.1474087646958977
-2.3161053387158126,4.98090341044729,-0.12790813548393676,-2.720003511120221,-0.761378547365662,1.12886610814226
-2.3368215140055026,4.995277460275755,-0.030896807206311938,-2.776988134826837,-0.8094577201620109,1.127851181427033
-2.315575558535436,4.956885115311832,-0.11283562670775465,-2.718973139933091,-0.769943318088123,1.1224522619877797
-2.3829519913058896,4.940206595233778,-0.09182777111792939,-2.7206256966145514,-0.8040252568314401,1.0836045923896185
-2.3091786736096878,5.021828603380465,-0.07256841963248911,-2.7693038748373313,-0.784908777294781,1.1563199718741302
-2.3236615124297098,4.991801417727468,-0.05950714685377523,-2.7593310317048236,-0.7925950687579609,1.1341865637873483
-2.330855765156046,4.987137690981908,-0.07870294383147919,-2.746534738106687,-0.7891658271707395,1.127304966420775
-2.3561154066641374,5.010013251031103,-0.05509095485855836,-2.7712368108271925,-0.8054092836218869,1.1211586709206924
-2.39325223814935,5.053460035101805,-0.019368894140855075,-2.808044482249958,-0.8360314214866025,1.1209450774477394
-2.37505538954374,4.962509105713815,-0.057948500354325194,-2.746917793315123,-0.8176856507363078,1.09373563680811
-2.276942167064183,4.9773507986282635,-0.13367084919490868,-2.714401635495399,-0.7463971445224462,1.1515112430170533
-2.3513698206556923,4.954616181458262,-0.10226507902317927,-2.723980813496654,-0.7879725316597325,1.1075247925870828
-2.319629361274715,4.968053924174785,-0.05112285810999867,-2.7545033626797677,-0.793268029922614,1.1287069152731277
-2.32048675525531,4.942232961416414,-0.12389499646584212,-2.705207081259413,-0.7674349569203326,1.117688009699359
-2.3683975541027387,4.957348722875261,-0.003839013386942869,-2.778361073778979,-0.8337720558343611,1.1033067052562522
-2.3338978505425936,4.953854974693237,-0.09035916466790467,-2.7312912141128196,-0.7864464153802683,1.1173028150753963
-2.2966544529984896,4.999214876257825,-0.05886937507864498,-2.7639083618667604,-0.7844915194067483,1.151244406054883
-2.309315954012251,5.001340309581384,-0.07448327710875985,-2.7574463543929575,-0.7836914969607606,1.1444760040552941
-2.3838300929937883,4.995128636035245,-0.034735669543211944,-2.7740901485050022,-0.8283764354743761,1.1050529920493037
-2.3371717044717046,4.939619069159917,-0.09113910769765243,-2.724037876589888,-0.786617013320853,1.1099497526230653
-2.3047682930557873,5.004026075731871,-0.13477578339879226,-2.7247849970014553,-0.7549054048956743,1.1461800185936466
-2.359777190041611,4.96900116103996,-0.09548763054260812,-2.7341952244238077,-0.7934516479714417,1.1100206341173127
-2.358589894329484,5.016909312555793,-0.03449884115543439,-2.7832599443041945,-0.814726448744494,1.1242493193800827
-2.338752827688773,4.9614294333688616,-0.09273227484174756,-2.7299605665208153,-0.7857959863813174,1.1173736157474299
-2.362196928310249,4.991191359981969,-0.06929303424804234,-2.753603461789299,-0.8046990528422606,1.1141258949256632
-2.3145494938837063,5.008505321684057,-0.11256834699529827,-2.74326609345104,-0.7722703868157712,1.1474980340864769
-2.3351527874032008,4.9532709994444595,-0.10145190699436873,-2.722707535795145,-0.7825543777057461,1.1156963937133348
-2.3928849367845006,4.909429776587288,-0.04457858745174065,-2.7319936732397267,-0.8267648995884946,1.072728991936999
-2.328643260220371,4.977611584472099,-0.12713558890873256,-2.7190972542962695,-0.7683628763957667,1.1266021374225346
-2.312033784365509,4.947341883226714,-0.10368240823563724,-2.722528468289341,-0.7751177638364722,1.1294054502225541
-2.3358960224765646,4.955541457580168,-0.08948615883683869,-2.7297529431770533,-0.7877036409930024,1.1181498844271205
-2.338642723536121,4.933122800097,-0.08515782931475979,-2.7239168909802687,-0.7872652673368677,1.108964343767153
-2.37407968593589,5.0056139304213385,-0.10265697526193435,-2.7451516682792914,-0.7949317815734531,1.1140368385719601
-2.3109709210404605,5.026726786231569,-0.0678706735714888,-2.776052413833998,-0.7897969475762405,1.1611628925458812
-2.2821045685160337,4.971422541145985,-0.11034633925794729,-2.730159712100255,-0.7603248749982897,1.1552291246379633
-2.4100971110795824,4.964829450434984,-0.013314460386197269,-2.773042769057949,-0.8445292863605713,1.0833222675605174
-2.307905423727674,5.060496586761257,-0.05378704140290885,-2.7933070201382257,-0.7908995840253725,1.172211890670938
-2.4180324691252233,4.967453514637889,-0.05948154384358889,-2.751326120549841,-0.8306046763068275,1.0816709151480557
-2.35973542162366,4.9592442385237785,-0.07048953823192239,-2.7427212329713684,-0.8027976933424777,1.1077205025667105
-2.3770828784683498,4.917897531475984,-0.127200319712233,-2.6927682248320597,-0.7877759283315416,1.079256581697388
-2.3236595149918395,4.961163821385205,-0.08782486542361961,-2.735638020130076,-0.7843567938013921,1.1281460770837501
-2.346201800007282,4.932469804753178,-0.10955585356513409,-2.709823026797266,-0.7818233822470438,1.1027395841532512
-2.359131107913753,4.972253765501644,-0.04800365227661868,-2.7640757622395657,-0.8119992601359041,1.113707574145022
-2.3691551664359625,4.951756270720194,-0.10244916155216183,-2.7251955787024866,-0.7930460743668067,1.0991678789694956
-2.3459648000455435,5.017750141875331,-0.037028726970831094,-2.7867339943674234,-0.8125753607623482,1.1388188296376331
-2.3645968970026905,4.9843536203981555,-0.036142019225398725,-2.7704431794415525,-0.8194334767176576,1.1157718307778242
-2.3811254489991733,4.9169805007842236,-0.0649429721431547,-2.724665092475235,-0.8140416574934866,1.0804724384899524
-2.291267201770247,4.970233636211648,-0.058417219585551516,-2.753018282794009,-0.7812217474059258,1.1471723863627301
-2.3591001616316225,4.991488639675592,-0.039558751800999714,-2.770078756445623,-0.8143947132040702,1.116538684357404
-2.3590406968108057,4.970324477622163,-0.11149504839301116,-2.726473069773842,-0.788586337135506,1.111704051556501
-2.3620895151396493,4.937834754722014,-0.111588775495082,-2.712256496781139,-0.7872953075401347,1.0981678020187746
-2.3876191543184,4.945555525212203,-0.006157792762903791,-2.7695344804876703,-0.8366796983113153,1.084927837862313
-2.4196054883116407,4.968576578822625,0.0018881322344060925,-2.7838167722861846,-0.8546447186772119,1.0838959547587073
-2.3337123774061803,4.95181401174069,-0.11935348507942678,-2.7139201087637637,-0.7717253188962528,1.1159902234754102
-2.3576620230482384,4.968104149337141,-0.052518487303043926,-2.755065904419735,-0.8108831578396982,1.1134174084416908
-2.3346965825849515,5.018309701865078,-0.0959724809222654,-2.7551646035542867,-0.7866326472064841,1.1420055130337563
-2.324945994089371,5.033040588496778,-0.06512139195172884,-2.778806205612198,-0.79613871458273,1.1542114390149214
-2.343590331283777,4.915806568373276,-0.09495052373004315,-2.7125993654848255,-0.7884925524879646,1.0980978921233178
-2.3169567046120307,4.961591943564339,-0.09933473767649509,-2.729428430725344,-0.7775657094643702,1.132590721909098
-2.330418400131325,5.004944046490762,-0.024258389069690967,-2.787330108128924,-0.8132611486697856,1.1421142233097814
-2.3016979272928304,4.936491873636995,-0.12968272424424793,-2.703163763878432,-0.7600556697076378,1.1279034725071455
-2.358708272421974,4.990003543663721,-0.06685643923575874,-2.7580862618674606,-0.8038097455218224,1.1178509776201695
-2.3787048491304383,4.963458052044085,-0.06814594443121408,-2.7446067646367154,-0.8111750446393065,1.0962550178590842
-2.29490935520024,4.941177394149961,-0.08469796938996194,-2.7274424708737985,-0.7730294129904487,1.1304595550251242
-2.2623403409704688,4.959746738878536,-0.16056905203226735,-2.6957291587345336,-0.7345541451739228,1.1570615777264803
-2.3225146687725693,4.940835547410454,-0.056932530671283066,-2.743297438458627,-0.7937315810893865,1.1210521029739546
-2.392966628411972,4.9829440039667725,-0.09314729411927142,-2.7419568103723435,-0.8067691585537816,1.0963620500057878
-2.2938297261766256,5.0124172983987965,-0.11191447367086854,-2.7471345492172543,-0.7627769511912881,1.1585945946431546
-2.3738453784421383,4.984608856007357,-0.0651207386296595,-2.7593538569215736,-0.8134791850665554,1.1086861769190495
-2.3428761357794192,4.900352775123559,-0.11875195261974308,-2.6938924689289565,-0.7779457560427464,1.0896608489336546
-2.272168296090811,4.9997431420771115,-0.08429306817645738,-2.75241864472993,-0.7663090645161859,1.1615010797705585
-2.3488581553025205,4.972583282751669,-0.05525230669600223,-2.757334493522605,-0.8028758030720788,1.114526835467861
-2.387702468976139,4.9859923905061425,-0.043228512009265474,-2.76855906476684,-0.8232675336989351,1.1009339985863456
-2.346070952867133,4.990438571441585,-0.1029558724301774,-2.737517069053467,-0.7826209854258663,1.1219137224070574
-2.275584699965053,5.047142677672099,-0.10727924265552308,-2.760152164379077,-0.7538144023120702,1.177773431750828
-2.340803408163476,4.949105872270591,-0.12536369034427358,-2.706068093742552,-0.771791498326462,1.1069807424437847
-2.3577747716391557,4.9770534778464235,-0.07710540108517666,-2.7426232712048972,-0.797574105805881,1.1063260603484648
-2.249880633053166,5.0021155816835385,-0.0953064855547921,-2.7443947471910266,-0.7484426380934193,1.1746540065748867
-2.368946479018498,4.983536571065685,-0.07046626718031057,-2.7511525472908858,-0.8074314662137476,1.1041038410342308
-2.274234584502496,5.052725526311802,-0.08527958304413819,-2.77490328518683,-0.7630773145142331,1.1796410356056997
-2.301495577156152,4.9907506235464725,-0.07876926629267345,-2.753851813362848,-0.7783503059500742,1.1457847863608828
-2.314455458398503,5.0125247650448905,-0.11043538538302133,-2.7476696646613568,-0.7751233424159838,1.1465462278029288
-2.4305393525519325,4.981166592422987,-0.042041451175396594,-2.7637980762829493,-0.8404103424187587,1.0737673080208676
-2.3223968458201734,5.01130256383851,-0.11299918580336688,-2.7443925553599247,-0.7736302334562852,1.145675771511362
-2.3284118505962974,5.030736788682378,-0.025071102985983917,-2.7950922092173003,-0.8078078072068136,1.1487879403111543
-2.3944704971943374,4.974807744783648,-0.08886288346629473,-2.736062639918043,-0.8105613156501386,1.093035431817542
-2.3763129615318364,5.01138185133134,-0.022631410803388374,-2.789333690237822,-0.8305891809110382,1.1144695849513029
-2.3854532025104933,4.978549776566133,-0.10329246071331988,-2.7331432688999784,-0.7999378823970954,1.0954772992201411
-2.3741294015147654,5.018782416419048,-0.026784937938234887,-2.791423197776645,-0.8263687599574213,1.1201434920829694
-2.3384860907149156,4.982137721593851,-0.07992898303373847,-2.745322011484736,-0.7919583116009812,1.122184373470104
-2.3457587971019582,5.043134855226696,-0.05269553964892648,-2.7879252219370168,-0.8071553790344972,1.1414341597485504
-2.3326511858990115,5.0000505596568,-0.0798937935793545,-2.757560143752673,-0.789062867808249,1.1344674457314279
-2.327668563738164,4.965931035131642,-0.0994203351299201,-2.7318043147624764,-0.7816082682948564,1.122368602830848
-2.332758112860404,4.985484419709,-0.10770716488596338,-2.7353159861503102,-0.7798829560560165,1.12759274952344
-2.2890922631210047,5.079543581301652,-0.09966953435731218,-2.7819868086390414,-0.7667611517327245,1.1853720487645278
-2.3328873529079877,4.989620474136652,-0.0926689336319661,-2.7482660702603354,-0.7866417961257196,1.1317876237274371
-2.291185056490085,5.011888058813744,-0.06281712877604118,-2.7724745881282042,-0.7812700681417745,1.1612806975965473
-2.3441431580320056,4.969696215977886,-0.12506285638494208,-2.72078368106195,-0.7742488892455195,1.1152625750930232
-2.320601734657081,5.026817002014704,-0.09935417500888527,-2.754996658695333,-0.7763983689229089,1.1503651505957684
-2.3619603982007544,4.960250350133986,-0.09534205589434697,-2.7248226768248753,-0.7935386686712469,1.1009491676281835
-2.3337202258170797,5.0013620794921865,-0.10746385055909685,-2.740255738383788,-0.7823314527711581,1.1340644477327184
-2.38325396473934,4.964157221011023,-0.05279971705469011,-2.756153483460239,-0.8207457189008972,1.0942150453744655
-2.379402549216552,5.057036396359552,-0.02281542920268681,-2.8103221107110565,-0.8322302352088985,1.1310613969849534
-2.34877909201745,4.990978396491171,-0.11943471770971686,-2.728821065073543,-0.7813131961289993,1.1184150108779873
-2.307988802347824,5.055033660190256,-0.06161340932793907,-2.7857276024265674,-0.7883879879262767,1.1656112453575673
-2.4138799877297927,4.940882618286582,-0.016487688389536403,-2.756869363952155,-0.8448747179493835,1.0678726841135708
-2.3262951005722146,5.024222553101277,-0.07351055273259482,-2.7662054526953725,-0.790656189308411,1.1454318872519027
-2.409205721324044,4.996062184751697,-0.0026496751346238856,-2.7888618938252594,-0.8487863629870225,1.093003651115306
-2.2978743507414565,5.033351673741899,-0.051443414961868494,-2.781615118771406,-0.7864797236757166,1.163017628462921
-2.345704776391587,5.003503109703151,-0.08641976571468929,-2.750259433527202,-0.7940933306295791,1.1259940697202215
-2.3902997867188844,4.985011724547963,-0.07714048439548954,-2.7490683492603,-0.8129114722973682,1.0972536405399793
-2.3119458622587787,4.996790656019939,-0.09882189039794853,-2.7412837652971134,-0.7751811820899469,1.1421012929969059
-2.2786919982085356,5.018562230344415,-0.060512931207981846,-2.7721000559815785,-0.7782320645531199,1.169823560480804
-2.3436204809472185,4.939440662246791,-0.13050035177914288,-2.700173336144169,-0.7740812561423038,1.1043088639568426
-2.320272111603101,4.9846059791307376,-0.06959948759634838,-2.7552386742203097,-0.7924595373052155,1.1396134008446603
-2.2971896856780125,5.066313860846098,-0.08947896173804942,-2.7781044254517084,-0.776381991383417,1.1781305090397611
-2.4196949357515547,5.025830582493492,0.002625050935936457,-2.806802785170705,-0.8553888898570523,1.0970903082690182
-2.390554013379123,4.952973565050211,-0.07140379647011347,-2.734991454077701,-0.8158483888997539,1.0870560418399786
-2.303773493969437,5.021158282070632,-0.14272670435855062,-2.7296867120239092,-0.7546244897928993,1.155320525085599
-2.347298554442231,5.0236472096500515,-0.10582269160450397,-2.751395623584996,-0.7889511330028737,1.1351856200074355
-2.3408675108879105,5.017462482411019,-0.11142393578585885,-2.7472607285427695,-0.7831900996097924,1.1386920934896172
-2.365300893821128,5.008408270072647,-0.05751790803273954,-2.7734601639431893,-0.8146495290888017,1.1244814955061326
-2.299407096930462,4.97143969409837,-0.13220170426577754,-2.7179765725477747,-0.7595382341325577,1.1451788189319652
-2.36061691774353,4.989881541009668,-0.07325722357303044,-2.7550031632971113,-0.8045922642764355,1.1185145333940423
-2.376269975412555,5.010140474810338,-0.06276038497127934,-2.769493887899025,-0.8151460341312269,1.117548352252041
-2.3295248231615946,4.969909547292261,-0.07093393518806601,-2.749887418679481,-0.7949215670084799,1.1289713010890998
-2.304084077728779,4.95590167869822,-0.11510394451196604,-2.714664865234677,-0.7648410309284416,1.1336024970033185
-2.330835348686039,4.961319827117815,-0.08333385049976444,-2.7366466984264717,-0.7878902700924986,1.1220931317429896
-2.336489505393926,4.986164794787026,-0.1355624882947426,-2.7217868995877774,-0.7692597019393289,1.1288851348705435
-2.430064597628978,5.022625087447781,0.0012276180191604924,-2.808501464973562,-0.8618389796847116,1.099750052108622
-2.3573157201426795,4.976709883979563,-0.10941085646631765,-2.7312355906847254,-0.7914958325334673,1.118073675522673
-2.342289500856307,5.008392583628877,-0.10164905805929281,-2.7494234378213513,-0.7870085716627868,1.1357681411295464
-2.344558933662256,4.985397075161116,-0.12311411388181953,-2.728242502332371,-0.7775863073597494,1.1235380684399807
-2.367700677445297,5.033271836006304,-0.0728307353832775,-2.7765424914561354,-0.8074548668722693,1.1292724844820485
-2.3620020349170976,5.031428163439036,-0.03172208453384795,-2.7943094115195524,-0.8238118110785997,1.1350808351878285
-2.345181332120414,4.978208218745524,-0.11565877978698469,-2.730243272687771,-0.7810706577827753,1.1212223099167014
-2.316780438160567,4.988416604031149,-0.11055649249760857,-2.7344859701952773,-0.7731459637091385,1.1387811797364613
-2.3369219541950947,4.99134991570676,-0.0893236605573296,-2.747101702621278,-0.7906259553203732,1.1335609213424351
-2.342202913720882,4.949666703194836,-0.11952415958895529,-2.7138801123438356,-0.7794526375266261,1.118713026230913
-2.3271744737838986,4.963608454911028,-0.1429293563482827,-2.707902788174323,-0.7616748240756943,1.1225131588119437
-2.308808814953899,4.9958784566669445,-0.0720438554255865,-2.760644947326141,-0.7856717211578197,1.1510697208601175
-2.355215120673468,5.026475324712367,-0.01319104783962094,-2.8006919867876228,-0.8250444719300252,1.1349412773694507
-2.327443528859232,5.0201490616534645,-0.0858316474051023,-2.7610310802238174,-0.7865764215627156,1.148306182288083
-2.337094624619316,5.001609754863245,-0.10335133127978802,-2.7435858454242106,-0.7837167198956183,1.137293899474159
-2.334442824947012,5.007193329996159,-0.05306171026297596,-2.7714872344439416,-0.8003269169252768,1.1401839733872257
-2.335363558736066,4.955046183125944,-0.0824836531416061,-2.7364195193456213,-0.7892021427337234,1.120838106820707
-2.320937615735661,4.940059491588116,-0.07579319077190011,-2.7338452966499065,-0.7867913015956782,1.1230517981027481
-2.3782573038417314,4.991417425641671,-0.07279425325787026,-2.7578939038464787,-0.8120677933991033,1.1132637208898781
-2.3755636475287782,4.97631765620013,-0.0395612978572899,-2.76944463176379,-0.8246321251584585,1.1089725278659475
-2.3242508818280503,4.980166835367768,-0.10568067092977906,-2.7347621215934703,-0.7785362948418547,1.1346768390497024
-2.361001599097891,4.956206511606011,-0.05667657157989203,-2.750807349078239,-0.8104364451408018,1.107843235108012
-2.2870888816433275,4.970023027071824,-0.14098001493957657,-2.7162315114644273,-0.7503037205877582,1.1523918635150456
-2.3164440823618158,4.985324438200964,-0.1359402419175531,-2.7211437494883906,-0.7657139706430094,1.1405483291777119
-2.3544320091555933,5.020528318232654,-0.06898338918372954,-2.768533049621288,-0.8019145000428165,1.1298885401235976
-2.3375854279314088,5.053474176918583,-0.11438749935499526,-2.759969099761695,-0.7776681823726,1.1495167580703585
-2.3953558316687085,4.959849445804196,-0.021132083624820552,-2.7684814239931845,-0.8377548560702314,1.0882221375344756
-2.379646506379189,5.005686808691025,-0.0677127107327779,-2.7651090372110936,-0.8143622962365852,1.1164302649346038
-2.3076966794955767,5.0267039557462745,-0.10878634228288303,-2.7525940212948683,-0.7732631027380105,1.1630734737240371
-2.36525285134506,4.988627516431861,-0.026477601096633996,-2.7785293652613996,-0.8240629354815843,1.1184087144216708
-2.345896774255981,5.053174361664795,-0.059216427480796974,-2.790881833292232,-0.804387887308721,1.1554141674852731
-2.3369897036087384,4.99535218075092,-0.16337448371089075,-2.7116134268594068,-0.7614105413423439,1.1356051195168697
-2.3765651663622287,4.9554042029449645,-0.07672386757884236,-2.7394067043113477,-0.8113609207140982,1.0983656935405632
-2.3108332520567347,5.011942866117343,-0.04250577161071367,-2.781299399820957,-0.8000156294144656,1.1525842574939043
-2.311850560923009,4.972425003091605,-0.10766738015582217,-2.7305578269295703,-0.7747827306750945,1.1348490704543392
-2.3934077122773454,4.9747772937190815,-0.08495584552775165,-2.741609506400053,-0.8144193341333721,1.0933338925836296
-2.32430607120888,4.970868170380746,-0.11970044853765971,-2.7240609835468916,-0.7732045475534465,1.129721349195081
-2.3665997411190483,5.068619008738804,-0.04624471013729853,-2.8026912831263884,-0.8203994360318383,1.1464500509571034
-2.3754941597788815,4.97109555958742,-0.09595623060540615,-2.7365994383353573,-0.8016333523777561,1.103728534942743
-2.3295492230986588,5.075456541315817,-0.04353886052612921,-2.810662760362163,-0.8060112091861775,1.1682028438513907
-2.3621534926079195,5.014466827967604,-0.044627341881347427,-2.779775706652428,-0.8138770092314975,1.1236258120518166
-2.375844297195007,4.971098406747846,-0.11786911940482775,-2.7213409034942697,-0.7903780056273632,1.0983402055774711
-2.316551719089082,4.949453733659186,-0.16434073409750743,-2.6934508184860433,-0.7547394781547144,1.1242784225896365
-2.363563602396209,4.964971632349844,-0.08888053884490732,-2.7365553386049757,-0.7995643994137656,1.1033505468119422
-2.356056925839823,4.96379590566456,-0.09816117749062425,-2.7345246097004705,-0.7946371900521279,1.11180721165897
-2.399891474178734,4.922095842718677,-0.03585534405915819,-2.7465084810139575,-0.8355462207520017,1.0738055066578
-2.330731931280499,4.9218500174874755,-0.16029277104368345,-2.6868250820705,-0.7626520916720585,1.1121277351978232
-2.344376100286364,5.003603262772633,-0.08729426236488674,-2.7552901151137674,-0.7923090578298911,1.1316198650899105
-2.411261600449638,4.969020219698959,-0.05530780884185116,-2.754528801118289,-0.829511054808706,1.0836258809032757
-2.279119961435202,5.01485206386607,-0.0955269422364513,-2.7564647161797753,-0.765007647590791,1.1711102436311889
-2.3384188206778513,4.970946589676591,-0.10008059428192351,-2.735207849245679,-0.7851396842630519,1.123559632773675
-2.352068310923424,4.96420648787853,-0.10121219731867886,-2.7353032925897467,-0.7937393797663187,1.1180089669732358
-2.370967143640126,4.971263600703403,-0.08012903106892827,-2.745934655399077,-0.8065686669997354,1.1085061820825624
-2.344378007006078,4.95235454412668,-0.14321518363764701,-2.7072894437709563,-0.7739862469328191,1.1163695701914778
-2.3656729350782317,4.979298296049835,-0.05890059774085399,-2.7622702461072803,-0.8147705794025167,1.116704849426692
-2.3833937285627833,4.986265292989197,-0.06403523292878083,-2.7609473708341326,-0.8195675227451504,1.1069758099727023
-2.3926614196639213,5.016078182372296,-0.09676768047362383,-2.757061272126581,-0.81151692971139,1.1140933186605355
-2.4452913554171305,5.020808030705286,-0.025679149089419373,-2.7950763410236714,-0.8577487680163188,1.0870585550862017
-2.3546158995030773,5.014834219593613,-0.1015291217655458,-2.7533054265490926,-0.795081483000596,1.1318444289133596
-2.267906647728923,5.016537558869764,-0.1311271014286871,-2.7391837739734015,-0.746300684877894,1.1757709572152373
-2.3587910196699875,4.972911463223167,-0.08386014086723076,-2.745182185624337,-0.8032257930120316,1.1178855487897095
-2.322892659284223,5.017464838929808,-0.11626316567802364,-2.747927312284186,-0.7783430902259401,1.1543139862088945
-2.3192553642614597,4.969056937103295,-0.08598289446269508,-2.7420082187784467,-0.7867242100837617,1.1360375977353594
-2.334672463915343,5.056851574285776,-0.039546276417304516,-2.80161266745034,-0.8097004148597751,1.158224454367987
-2.382319390521162,4.983075277446135,-0.11501763040081608,-2.73124545021374,-0.7948246440175777,1.1057202664369914
-2.341993159054731,4.969957456081224,-0.10266197252743758,-2.7288667481751006,-0.7841430292619906,1.121145546122732
-2.3721781899885306,4.977950052763604,-0.05938959531346838,-2.7585872339926176,-0.8179791219304253,1.1101359089317449
-2.3216136864383987,4.935329955015446,-0.1731854962298816,-2.677642579278422,-0.7515082259509346,1.117399728218733
-2.3395449908980455,4.987821120013444,-0.10909439701473678,-2.7384020383384033,-0.7831117409784638,1.1303976630297092
-2.338199672110891,5.024674056463086,-0.0772931363667968,-2.77079828430787,-0.8000182397785749,1.1470297856697882
-2.346159328557071,5.016822822917269,-0.025590842706480876,-2.791948731456871,-0.8185788297902714,1.1381293260361172
-2.3259871910721097,4.968752251121065,-0.0751496601306999,-2.7457935256121186,-0.7940954058724391,1.1322783037121786
-2.3738942409734447,4.969511547532109,-0.08933059166041762,-2.7397990192666115,-0.8074109758493391,1.1085156636182365
-2.330429644858682,5.007893053640632,-0.05471880045299954,-2.7744161634876563,-0.8061167122227021,1.1456203143138701
-2.393742785634363,4.983457212786292,-0.027664213018989248,-2.7743871954576678,-0.8386317671769906,1.1014761697312756
-2.3595817577506155,4.97068811447175,-0.07474409242585472,-2.7455140684239967,-0.8051135954654276,1.1122185738591024
-2.3634759663131826,5.002019326991306,-0.03051007770066405,-2.779060443569048,-0.8223595665210784,1.121416274408762
-2.326020851825707,5.017109046126957,-0.036769294172413536,-2.782151191441035,-0.8052619894902956,1.1445052217832308
-2.3772353350285367,4.932554852908015,-0.15092881583726897,-2.6885448035773485,-0.7801584511651087,1.0861067973550196
-2.4199678451239746,4.940206333609365,-0.08259915285539499,-2.7268633919981693,-0.8247398012703051,1.0677818812015265
-2.3504299785893408,4.996396454367654,-0.06405244081733852,-2.7623086565742123,-0.8039878690877078,1.1262325757231715
-2.3264273498783132,4.95682745561311,-0.11794770407246685,-2.719460260820103,-0.775900963787016,1.127520802931123
-2.383952414878915,5.016927314734812,-0.012300292924271317,-2.8028582480188566,-0.842577669104211,1.1248862154514423
-2.251897827614584,5.046147407112816,-0.15167733225086355,-2.7427607643564915,-0.7367130849527969,1.199390871830678
-2.312306959416896,5.010037148833059,-0.10483118902671917,-2.7510793508059095,-0.7770049226917428,1.156684506562437
-2.4589458018749366,4.954318862670586,-0.04020241180186018,-2.7565903075573854,-0.8573547075920599,1.0608594673678058
-2.3302842498910312,5.000743087897458,-0.09504389904966931,-2.7496100632251763,-0.7883963129282935,1.1424566745063123
-2.3402159080221723,4.9362127813210925,-0.16221230880748438,-2.689608980961545,-0.7640829795105174,1.1138755582579294
-2.369573406334713,5.03259801116207,-0.053542527670521256,-2.7857964309531944,-0.8173368135717134,1.133634899949788
-2.393134032038055,4.925861572633923,-0.11060195187289334,-2.7102481524481785,-0.8001463676645286,1.0788099723266618
-2.352665929243949,4.986670034093159,-0.04934494162400871,-2.767216772730082,-0.8104176040612204,1.1240784391599044
-2.3931420101334173,5.008522378025471,-0.020720077474090604,-2.7917564228190535,-0.8398017677122236,1.1147868515460053
-2.3410804591088223,5.001654940834754,-0.02535563356869497,-2.7903213937831364,-0.8215823733664875,1.143421745313739
-2.3309885903302288,4.982272521002434,-0.11147522088786288,-2.7373402692875803,-0.7817213828468275,1.1384259375155812
-2.419240803547453,4.943846716906968,-0.06653860062370409,-2.7402416207457136,-0.8329741177042579,1.0760391435625933
-2.3766020778334767,4.945299411225536,-0.09802921905217987,-2.7259865254899722,-0.8053929963391219,1.0972492675773535
-2.3744931575748556,4.955877849917062,-0.11093787986208242,-2.7265494233300154,-0.80053201631504,1.1036826236811816
-2.3398834934249364,5.026071855198468,-0.05501610352166575,-2.784455961471622,-0.8076617664111859,1.1470742244774736
-2.345548943791271,4.953100795718466,-0.07183247071653343,-2.7442458143639055,-0.80240110062243,1.118929641697648
-2.3880067904625735,4.89906266268438,-0.1319249338167126,-2.689256738255686,-0.7896624417618046,1.0721439928202092
-2.3655852322312843,5.008419973914922,-0.08425399880742868,-2.758355209996565,-0.804028971489242,1.1276425652131286
-2.3741822480862007,4.974753387716994,-0.06399521572538286,-2.758983299044875,-0.8165222320812298,1.1145251754669019
-2.376453485071301,4.994925907660002,-0.10555103416998929,-2.7419079376141346,-0.7989576490178588,1.114669082528296
-2.3150078594310592,4.992955453568127,-0.11370613459665313,-2.737608202678489,-0.7683017564244163,1.1425463018272786
-2.329048621328551,5.02213423953148,-0.04544974171909322,-2.7875725636703055,-0.8029378857909375,1.1493400737464958
-2.3933188194265282,4.969567248776644,-0.10754506179560575,-2.7321045282152108,-0.8036879160243418,1.0966215166171098
-2.459805880879494,4.946862220491783,-0.0075273738379226796,-2.7733100056774576,-0.866665282277121,1.0541864794398175
-2.365232341937831,4.997514072936484,-0.10046882106538735,-2.747992721671656,-0.7976581982361042,1.1239237650929832
-2.386578324664004,5.050514587931999,-0.10217851140225925,-2.772493344949256,-0.8053197869199369,1.1332017294757817
-2.3962180987131827,5.025253443696575,-0.08449303165361971,-2.7666175644716215,-0.8110926029251402,1.1139622125591229
-2.3279223525020365,5.0383471123831445,-0.08551530798266715,-2.774369712578738,-0.7873692826488418,1.1559294344764803
-2.3580006579961705,5.073589012579651,-0.0818208808371198,-2.7893926271853293,-0.8001217135872977,1.1517751153891795
-2.368450706025709,5.027181853530762,-0.05360683543126615,-2.7846100739215514,-0.8196997905721293,1.1343879147036542
-2.3669096697486545,4.9799552988250815,-0.06326270179371146,-2.7572438563916353,-0.817415786502061,1.1190547919160927
-2.370092526777472,4.952237807150531,-0.10087816943305639,-2.7278495610148967,-0.8023111989748399,1.1043656951583136
-2.3379842678081046,4.987120481118413,-0.11533319509163065,-2.7313123565895143,-0.7819437660910833,1.133035487095465
-2.3705298796798226,5.024579745767119,-0.01885359806194481,-2.7974323799508065,-0.8326568521745641,1.1317161361219263
-2.309707011707007,4.992276978790607,-0.11909855862525959,-2.7379998219522674,-0.7702472373201638,1.1506902679111608
-2.352633945464726,5.064336620610607,0.03259204291094109,-2.8453058839777223,-0.8463714565651613,1.1580657898090587
-2.3933737152752057,4.980996949285758,-0.10251576108093857,-2.743330686204793,-0.8101637206211251,1.1079289255875067
-2.3665059578990135,4.955867487621948,-0.15167067585327926,-2.706462619161861,-0.7819923261165814,1.1091115332971273
-2.3014432763009456,4.978762302845619,-0.12907918851619282,-2.7273111341931866,-0.7658137384155818,1.152744493246129
-2.34928415526144,4.9684603208305695,-0.08266163118596814,-2.744811263448799,-0.8025030722487582,1.1241643560030323
-2.38631756112547,4.995529976405821,-0.07125041698469425,-2.7666657989535315,-0.820930296694096,1.118937625980047
-2.4500067543430855,4.971532634257193,-0.03163495700683261,-2.7703476358860843,-0.8574119967020121,1.071811284598535
-2.3529844053178652,5.039351542897702,-0.027103117458619597,-2.799410002561236,-0.8185202435755852,1.1434569142546507
-2.3364061462387293,4.989843051026446,-0.1066681032397836,-2.7383569875146376,-0.7808704150537892,1.131338278888348
-2.3564718939837856,4.997722574877262,-0.08470993550128014,-2.754858879839472,-0.8011859309184195,1.1286681724255632
-2.4117475888679167,4.954477962318263,-0.0646053738572232,-2.7466422441085343,-0.8304172677844253,1.0843949310312735
-2.2905327706616916,5.079078615783293,-0.07002163299408148,-2.7986220709936624,-0.7813347987162922,1.1920609389294505
-2.2934684757680297,5.014483199211328,-0.1107331169510018,-2.746559223324093,-0.7638878093585595,1.162973884840585
-2.3480076540701855,4.987406858305108,-0.10913209101224497,-2.7341745293174746,-0.785095694051562,1.122333981603948
