time,Fx,Fy,Fz,Tx,Ty,Tz
1755283891.99551,-0.11099999999999999,-0.37599999999999945,0.5099999999999998,-0.02200000000000002,-0.013000000000000012,0.011
1755283891.9991589,0.32899999999999996,-0.19599999999999973,-0.3500000000000001,0.009999999999999981,-0.01100000000000001,0.011
1755283892.002659,0.22899999999999987,0.3439999999999994,-0.29000000000000004,0.011999999999999983,-0.016000000000000014,0.007999999999999998
1755283892.006301,0.5089999999999999,-0.23600000000000065,0.29000000000000004,0.0040000000000000036,-0.007000000000000006,-0.010000000000000002
1755283892.0093708,-0.2310000000000001,0.2240000000000002,-0.6699999999999999,-0.006000000000000005,-0.015000000000000013,0.0
1755283892.012082,0.5489999999999999,-0.07600000000000051,0.48999999999999977,-0.0050000000000000044,-0.017000000000000015,0.0019999999999999983
1755283892.0142984,-0.591,-0.11599999999999966,0.20999999999999996,-0.016000000000000014,0.027000000000000024,0.007999999999999998
1755283892.0169017,0.04899999999999993,-0.03599999999999959,-0.11000000000000032,-0.0020000000000000018,0.006000000000000005,0.019999999999999997
1755283892.0191066,0.2689999999999999,-0.4559999999999995,0.48999999999999977,-0.007000000000000006,-0.026000000000000023,0.0
1755283892.026312,-0.391,0.4640000000000004,-0.010000000000000231,-0.017000000000000015,0.01100000000000001,0.009999999999999998
1755283892.027739,0.4089999999999999,-0.5960000000000001,0.08999999999999986,0.02099999999999999,-0.02300000000000002,0.0
1755283892.0291235,-0.3310000000000002,0.38400000000000034,-0.4299999999999997,0.0050000000000000044,-0.02100000000000002,0.0019999999999999983
1755283892.030715,0.4889999999999999,0.38400000000000034,0.08999999999999986,0.016999999999999987,-0.01100000000000001,-0.0010000000000000009
1755283892.0322306,-0.21100000000000008,0.02400000000000091,-0.33000000000000007,-0.019000000000000017,0.0020000000000000018,0.006999999999999999
1755283892.0336583,0.2489999999999999,0.18399999999999928,0.1499999999999999,-0.018000000000000016,-0.0030000000000000027,-0.009000000000000001
1755283892.035104,-0.651,0.5440000000000005,0.22999999999999998,0.0,0.025000000000000022,0.005999999999999998
1755283892.0422807,-0.17100000000000004,-0.9160000000000004,0.1499999999999999,-0.03900000000000001,-0.010000000000000009,0.009999999999999998
1755283892.0433176,-0.051000000000000156,-0.5359999999999996,0.29000000000000004,0.00799999999999998,0.014000000000000012,-0.015000000000000003
1755283892.044252,-0.591,0.1639999999999997,0.4099999999999997,-0.0030000000000000027,0.010000000000000009,-0.005000000000000001
1755283892.058366,-0.9909999999999999,0.02400000000000091,0.16999999999999993,0.00799999999999998,0.017000000000000015,0.0
1755283892.060735,0.22899999999999987,-0.895999999999999,-0.4900000000000002,-0.018000000000000016,-0.0030000000000000027,0.009
1755283892.0634396,0.3689999999999999,-0.11599999999999966,-0.1299999999999999,0.009999999999999981,-0.019000000000000017,0.003999999999999998
1755283892.0743206,-0.31100000000000017,0.5440000000000005,-0.3500000000000001,-0.009000000000000008,0.01200000000000001,0.005999999999999998
1755283892.0757935,-0.27100000000000013,0.44400000000000084,0.81,0.0010000000000000009,0.025000000000000022,0.019999999999999997
1755283892.0772502,0.2689999999999999,-0.2159999999999993,0.16999999999999993,-0.0010000000000000009,-0.015000000000000013,-0.010000000000000002
1755283892.120643,-0.03100000000000014,-0.13599999999999923,-0.03000000000000025,-0.009000000000000008,0.016000000000000014,0.011
1755283892.124653,0.2889999999999999,-0.516,0.5899999999999999,-0.025999999999999995,-0.0010000000000000009,0.009
1755283892.128277,-0.4910000000000001,-0.6560000000000006,-0.050000000000000266,-0.026999999999999996,0.008000000000000007,-0.009000000000000001
1755283892.1318781,-0.29100000000000015,-0.11599999999999966,0.33000000000000007,-0.016000000000000014,0.02200000000000002,-0.0010000000000000009
1755283892.1354573,-0.03100000000000014,-0.11599999999999966,-0.010000000000000231,0.0040000000000000036,-0.027000000000000024,0.004999999999999999
1755283892.1391065,0.04899999999999993,0.5640000000000001,0.48999999999999977,0.0,-0.0010000000000000009,-0.008
1755283892.142159,0.6289999999999999,1.3239999999999998,0.06999999999999984,0.028999999999999998,-0.02300000000000002,0.003999999999999998
1755283892.144819,-0.2310000000000001,-0.07600000000000051,-0.8700000000000001,-0.014000000000000012,-0.016000000000000014,0.009999999999999998
1755283892.147152,-0.07100000000000017,0.30400000000000027,0.8500000000000001,0.016999999999999987,0.040000000000000036,-0.0030000000000000027
1755283892.151573,0.349,0.2240000000000002,-0.22999999999999998,0.0010000000000000009,-0.02200000000000002,0.007999999999999998
1755283892.1537087,-0.03100000000000014,0.0039999999999995595,0.8500000000000001,0.015999999999999986,0.01200000000000001,-0.009000000000000001
1755283892.1556058,-0.671,0.12400000000000055,-0.3500000000000001,-0.0040000000000000036,0.025000000000000022,0.015
1755283892.1572337,-0.4910000000000001,-0.13599999999999923,0.9099999999999997,-0.0010000000000000009,0.020000000000000018,0.0019999999999999983
1755283892.158725,-0.21100000000000008,-0.7759999999999998,0.3700000000000001,-0.03,-0.016000000000000014,0.016999999999999998
1755283892.1599407,0.3889999999999999,0.06400000000000006,-0.8700000000000001,0.0069999999999999785,-0.027000000000000024,0.003999999999999998
1755283892.1610184,0.4889999999999999,-0.6159999999999997,-0.31000000000000005,0.00899999999999998,-0.025000000000000022,0.009
1755283892.1673467,-0.03100000000000014,0.10400000000000098,-0.5700000000000003,0.016999999999999987,-0.006000000000000005,-0.008
1755283892.1685266,0.3689999999999999,-0.09600000000000009,-0.3899999999999997,0.012999999999999984,-0.041999999999999926,-0.010000000000000002
1755283892.1698027,0.44899999999999995,-0.016000000000000014,-0.46999999999999975,-0.0030000000000000027,-0.03299999999999992,-0.005000000000000001
1755283892.183525,-0.2310000000000001,-0.11599999999999966,0.1499999999999999,0.0040000000000000036,0.02400000000000002,0.0009999999999999974
1755283892.186226,0.30899999999999994,0.32399999999999984,-0.5899999999999999,-0.01100000000000001,-0.03399999999999992,0.003999999999999998
1755283892.1896563,0.10899999999999999,-0.3360000000000003,0.46999999999999975,0.0069999999999999785,-0.0010000000000000009,-0.004
1755283892.1994834,-0.09099999999999997,0.4039999999999999,-0.3899999999999997,0.0020000000000000018,0.0,0.005999999999999998
1755283892.2018697,0.18899999999999983,-0.03599999999999959,0.73,0.0040000000000000036,-0.0020000000000000018,0.009999999999999998
1755283892.2039137,-0.591,-0.2560000000000002,0.5299999999999998,-0.020000000000000018,0.030000000000000027,0.002999999999999999
1755283892.2457333,0.709,0.604000000000001,-0.6100000000000003,0.017999999999999988,-0.008000000000000007,-0.0020000000000000018
1755283892.250168,-0.11099999999999999,0.1639999999999997,-0.22999999999999998,0.011999999999999983,0.0,-0.011000000000000003
1755283892.253914,0.18899999999999983,0.12400000000000055,-0.4900000000000002,-0.01200000000000001,0.0010000000000000009,0.009
1755283892.257552,0.589,-0.07600000000000051,-0.4900000000000002,0.011999999999999983,-0.039999999999999925,0.002999999999999999
1755283892.2612903,-0.7710000000000001,-0.11599999999999966,-0.31000000000000005,-0.01200000000000001,0.03200000000000003,0.009999999999999998
1755283892.267065,-0.03100000000000014,-0.2159999999999993,0.16999999999999993,-0.0030000000000000027,0.0030000000000000027,0.0019999999999999983
1755283892.2712061,-0.45100000000000007,-0.35599999999999987,0.5699999999999998,-0.017000000000000015,0.009000000000000008,0.0
1755283892.2747276,-0.7310000000000001,-0.13599999999999923,0.16999999999999993,-0.014000000000000012,0.02100000000000002,0.009
1755283892.2781193,-0.4710000000000001,-0.395999999999999,-0.03000000000000025,-0.008000000000000007,0.02100000000000002,0.007999999999999998
1755283892.2813714,-0.631,0.20400000000000063,-0.050000000000000266,-0.014000000000000012,0.029000000000000026,-0.005000000000000001
1755283892.2836092,-0.5310000000000001,-0.23600000000000065,0.06999999999999984,0.009999999999999981,0.020000000000000018,-0.005000000000000001
1755283892.2852552,0.2689999999999999,-0.35599999999999987,-0.8500000000000005,-0.01100000000000001,-0.04899999999999993,0.003999999999999998
1755283892.2868302,0.349,-0.09600000000000009,-0.9299999999999997,0.0069999999999999785,-0.017000000000000015,0.0019999999999999983
1755283892.2882555,-0.3310000000000002,-0.05599999999999916,-0.9699999999999998,-0.013000000000000012,0.0030000000000000027,-0.0030000000000000027
1755283892.289531,0.04899999999999993,-0.13599999999999923,0.029999999999999805,0.00899999999999998,0.006000000000000005,-0.0010000000000000009
1755283892.2906594,-0.29100000000000015,0.4039999999999999,0.46999999999999975,0.0050000000000000044,0.02200000000000002,-0.010000000000000002
1755283892.2923062,-0.31100000000000017,-0.17600000000000016,0.029999999999999805,-0.015000000000000013,0.0040000000000000036,0.009
1755283892.2933002,-0.131,-0.41600000000000037,-0.1299999999999999,-0.0030000000000000027,-0.0020000000000000018,0.006999999999999999
1755283892.2941315,-0.17100000000000004,0.20400000000000063,0.08999999999999986,0.0010000000000000009,-0.0030000000000000027,0.004999999999999999
1755283892.3085177,-0.631,-0.23600000000000065,0.18999999999999995,-0.013000000000000012,0.020000000000000018,0.013999999999999999
1755283892.3115916,0.10899999999999999,0.6440000000000001,-0.6699999999999999,0.0040000000000000036,-0.01200000000000001,0.007999999999999998
1755283892.3148968,-0.01100000000000012,-0.2159999999999993,-0.5099999999999998,0.00899999999999998,0.0040000000000000036,-0.023000000000000003
1755283892.3245387,0.30899999999999994,0.02400000000000091,-0.6699999999999999,0.006000000000000005,-0.026000000000000023,0.0009999999999999974
1755283892.3282359,0.20899999999999985,0.0039999999999995595,-0.03000000000000025,-0.0010000000000000009,0.014000000000000012,-0.0010000000000000009
1755283892.331927,0.04899999999999993,1.0039999999999996,-0.0900000000000003,0.023999999999999994,-0.0030000000000000027,0.011999999999999999
1755283892.3707757,0.20899999999999985,-0.2159999999999993,-0.8700000000000001,-0.015000000000000013,-0.008000000000000007,0.0019999999999999983
1755283892.3762574,-0.131,-0.5960000000000001,-0.07000000000000028,-0.010000000000000009,0.031000000000000028,-0.005000000000000001
1755283892.3799863,0.18899999999999983,-0.07600000000000051,-0.6100000000000003,-0.009000000000000008,-0.038999999999999924,0.012999999999999998
1755283892.3835053,-0.3310000000000002,-0.35599999999999987,0.73,-0.02200000000000002,0.030000000000000027,0.011
1755283892.3873677,0.08899999999999997,0.4039999999999999,-0.1499999999999999,-0.007000000000000006,0.0020000000000000018,0.004999999999999999
1755283892.3914154,-0.051000000000000156,-0.41600000000000037,-0.1299999999999999,-0.008000000000000007,-0.006000000000000005,0.009999999999999998
1755283892.3952904,0.3889999999999999,-0.19599999999999973,-0.41000000000000014,-0.013000000000000012,-0.025000000000000022,0.016
1755283892.3992996,0.5489999999999999,0.7840000000000007,-0.5700000000000003,0.010999999999999982,-0.01100000000000001,-0.014000000000000002
1755283892.4033484,0.04899999999999993,0.4239999999999995,-0.33000000000000007,0.013999999999999985,0.01200000000000001,-0.0010000000000000009
1755283892.4078653,0.349,0.26399999999999935,-0.11000000000000032,0.00799999999999998,0.0040000000000000036,-0.008
1755283892.413281,0.3889999999999999,-0.11599999999999966,0.5699999999999998,0.0030000000000000027,-0.013000000000000012,-0.006000000000000002
1755283892.4167457,-0.31100000000000017,0.02400000000000091,0.6499999999999999,-0.013000000000000012,0.013000000000000012,0.009
1755283892.4199772,-0.01100000000000012,-0.7360000000000007,0.48999999999999977,-0.032,0.0040000000000000036,0.009999999999999998
1755283892.422531,0.3889999999999999,0.06400000000000006,0.029999999999999805,-0.010000000000000009,-0.02400000000000002,-0.008
1755283892.42435,0.04899999999999993,0.06400000000000006,-0.8300000000000001,0.00899999999999998,-0.010000000000000009,0.009
1755283892.4257355,0.589,0.32399999999999984,-0.4500000000000002,-0.0030000000000000027,-0.02100000000000002,0.019
1755283892.4269354,0.4889999999999999,-0.016000000000000014,-0.31000000000000005,0.006000000000000005,-0.041999999999999926,0.002999999999999999
1755283892.428117,0.06899999999999995,0.18399999999999928,-0.8100000000000005,0.00899999999999998,-0.009000000000000008,0.006999999999999999
1755283892.4291484,0.3889999999999999,-0.13599999999999923,-0.3899999999999997,0.0030000000000000027,-0.029999999999999916,-0.0010000000000000009
1755283892.4334471,-0.4910000000000001,0.02400000000000091,-0.11000000000000032,-0.0050000000000000044,0.03400000000000003,0.003999999999999998
1755283892.4350095,0.2889999999999999,0.5039999999999996,0.08999999999999986,0.0040000000000000036,0.0,0.011999999999999999
1755283892.4361782,0.06899999999999995,-0.3160000000000007,0.81,0.009999999999999981,-0.0040000000000000036,-0.016000000000000004
1755283892.449549,-0.01100000000000012,-0.395999999999999,0.25,-0.008000000000000007,0.020000000000000018,0.015
1755283892.4523888,-0.45100000000000007,0.06400000000000006,1.0899999999999999,0.015999999999999986,0.016000000000000014,0.004999999999999999
1755283892.454756,0.2489999999999999,0.14400000000000013,0.44999999999999973,0.0040000000000000036,-0.01100000000000001,-0.005000000000000001
1755283892.495865,-0.351,-0.23600000000000065,-0.07000000000000028,-0.010000000000000009,0.019000000000000017,0.002999999999999999
1755283892.5005362,0.569,-0.19599999999999973,0.06999999999999984,0.0010000000000000009,-0.02300000000000002,0.0
1755283892.5048616,-0.11099999999999999,0.0039999999999995595,-0.75,-0.01200000000000001,0.0,-0.008
1755283892.5090458,-0.351,0.06400000000000006,-0.6900000000000004,0.028999999999999998,0.016000000000000014,-0.0030000000000000027
1755283892.5128949,0.6489999999999999,0.4039999999999999,-0.31000000000000005,0.0020000000000000018,-0.020000000000000018,-0.008
1755283892.5181527,-0.7710000000000001,0.5240000000000009,-0.27,0.015999999999999986,0.02100000000000002,-0.017000000000000005
1755283892.5217717,0.06899999999999995,-0.3160000000000007,0.6299999999999999,-0.02300000000000002,0.008000000000000007,-0.005000000000000001
1755283892.525194,-0.631,-0.07600000000000051,0.33000000000000007,0.0020000000000000018,0.017000000000000015,0.004999999999999999
1755283892.5284357,0.16899999999999982,-0.15600000000000058,0.10999999999999988,-0.006000000000000005,0.01100000000000001,-0.004
1755283892.5313935,0.22899999999999987,0.2840000000000007,-0.6100000000000003,-0.0030000000000000027,-0.04499999999999993,-0.015000000000000003
1755283892.5339022,-0.3310000000000002,-0.13599999999999923,0.3700000000000001,0.012999999999999984,0.0020000000000000018,0.012999999999999998
1755283892.5362334,-0.01100000000000012,0.7040000000000006,-0.7300000000000004,0.006000000000000005,-0.008000000000000007,0.003999999999999998
1755283892.5380013,0.4089999999999999,-0.2159999999999993,-0.20999999999999996,0.0069999999999999785,-0.020000000000000018,0.003999999999999998
1755283892.5393548,-0.43100000000000005,-0.15600000000000058,-0.5099999999999998,-0.006000000000000005,0.0020000000000000018,-0.008
1755283892.540484,0.9889999999999999,-0.05599999999999916,-0.5099999999999998,-0.018000000000000016,-0.041999999999999926,0.024999999999999998
1755283892.5415342,-0.15100000000000002,-0.11599999999999966,0.08999999999999986,0.0030000000000000027,0.006000000000000005,-0.018
1755283892.542485,0.04899999999999993,-0.15600000000000058,-0.29000000000000004,-0.018000000000000016,0.0040000000000000036,-0.007000000000000003
1755283892.5433505,0.2689999999999999,-0.09600000000000009,1.1099999999999999,0.0010000000000000009,-0.0020000000000000018,-0.0020000000000000018
1755283892.544111,-0.7110000000000001,-0.35599999999999987,0.4299999999999997,-0.015000000000000013,0.039000000000000035,-0.008
1755283892.5586445,-0.371,-0.15600000000000058,0.1299999999999999,-0.008000000000000007,0.0040000000000000036,-0.021
1755283892.5617704,0.06899999999999995,0.08399999999999963,-0.3500000000000001,0.024999999999999994,-0.028999999999999915,0.011999999999999999
1755283892.5644069,-0.051000000000000156,-0.516,-0.3899999999999997,0.0069999999999999785,0.01200000000000001,0.003999999999999998
1755283892.57467,-0.11099999999999999,-0.7159999999999993,-0.22999999999999998,-0.015000000000000013,0.0040000000000000036,-0.0010000000000000009
1755283892.5776606,0.2689999999999999,0.08399999999999963,0.29000000000000004,0.0,-0.0040000000000000036,-0.016000000000000004
1755283892.5804799,0.6489999999999999,-0.35599999999999987,0.16999999999999993,0.0,0.006000000000000005,0.005999999999999998
1755283892.6207514,0.9489999999999998,-0.516,-0.3899999999999997,-0.03,-0.04399999999999993,0.009
1755283892.6251893,-0.371,-0.2959999999999994,-0.33000000000000007,-0.013000000000000012,-0.010000000000000009,-0.006000000000000002
1755283892.62895,-0.5110000000000001,-0.395999999999999,0.71,-0.025000000000000022,0.02200000000000002,-0.0020000000000000018
1755283892.6323738,-0.19100000000000006,0.20400000000000063,0.27,-0.01200000000000001,-0.01200000000000001,-0.004
1755283892.6355696,-0.2510000000000001,-0.05599999999999916,0.3700000000000001,-0.016000000000000014,0.018000000000000016,0.019
1755283892.638456,0.129,0.26399999999999935,-0.33000000000000007,0.016999999999999987,0.0010000000000000009,-0.004
1755283892.6412315,0.829,-0.13599999999999923,-0.1499999999999999,0.011999999999999983,-0.030999999999999917,-0.004
1755283892.6432023,0.8889999999999999,0.6839999999999993,-0.41000000000000014,0.025999999999999995,-0.019000000000000017,-0.0030000000000000027
1755283892.644421,-0.19100000000000006,0.02400000000000091,-0.4299999999999997,0.025999999999999995,0.0,-0.016000000000000004
1755283892.651659,0.589,0.02400000000000091,-0.27,-0.0030000000000000027,-0.008000000000000007,0.016999999999999998
1755283892.655822,-0.371,-0.2959999999999994,0.4099999999999997,-0.007000000000000006,0.039000000000000035,-0.008
1755283892.658442,-0.9110000000000003,0.3439999999999994,0.25,-0.010000000000000009,0.008000000000000007,-0.010000000000000002
1755283892.6602037,0.2689999999999999,-0.37599999999999945,0.44999999999999973,-0.017000000000000015,0.0,0.003999999999999998
1755283892.66158,0.5289999999999999,0.02400000000000091,0.009999999999999787,-0.008000000000000007,-0.016000000000000014,0.0
1755283892.6630828,0.3689999999999999,-0.13599999999999923,-0.27,-0.0050000000000000044,0.0,-0.009000000000000001
1755283892.6640117,0.2489999999999999,0.36400000000000077,-0.11000000000000032,0.0040000000000000036,0.0010000000000000009,0.003999999999999998
1755283892.6673856,0.30899999999999994,-0.11599999999999966,-0.16999999999999993,-0.010000000000000009,-0.013000000000000012,0.015
1755283892.6681406,0.349,-0.15600000000000058,-0.5300000000000002,0.0069999999999999785,-0.02300000000000002,0.012999999999999998
1755283892.6688647,0.008999999999999897,0.30400000000000027,-0.0900000000000003,0.00899999999999998,-0.0030000000000000027,0.007999999999999998
1755283892.6834898,0.08899999999999997,0.484,-0.07000000000000028,0.011999999999999983,0.0050000000000000044,-0.0020000000000000018
1755283892.6848974,-1.671,0.02400000000000091,0.31000000000000005,-0.010000000000000009,0.05300000000000005,-0.023000000000000003
1755283892.6857376,-0.131,-0.5559999999999992,0.04999999999999982,-0.0030000000000000027,-0.03399999999999992,0.0
1755283892.6994722,-0.09099999999999997,-0.8360000000000003,-0.1299999999999999,-0.017000000000000015,0.0010000000000000009,0.011
1755283892.7010036,-0.29100000000000015,0.06400000000000006,-0.25,-0.020000000000000018,0.02200000000000002,-0.004
1755283892.7023876,0.6089999999999999,0.38400000000000034,0.16999999999999993,0.0,-0.02300000000000002,-0.009000000000000001
1755283892.7459066,-0.41100000000000003,0.5039999999999996,-0.6699999999999999,0.00899999999999998,0.006000000000000005,-0.004
1755283892.7504911,0.5089999999999999,-0.19599999999999973,-0.5499999999999998,0.0030000000000000027,0.006000000000000005,-0.005000000000000001
1755283892.75463,0.589,0.44400000000000084,0.18999999999999995,0.006000000000000005,-0.020000000000000018,0.0009999999999999974
1755283892.7587304,-0.11099999999999999,0.8239999999999998,0.20999999999999996,0.025999999999999995,0.006000000000000005,-0.015000000000000003
1755283892.7628882,0.129,0.30400000000000027,0.22999999999999998,-0.015000000000000013,-0.009000000000000008,0.011
1755283892.7664964,-0.27100000000000013,-0.2159999999999993,-0.5899999999999999,-0.014000000000000012,0.006000000000000005,0.005999999999999998
1755283892.7700024,0.42899999999999994,-0.2759999999999998,-0.4500000000000002,-0.013000000000000012,-0.0050000000000000044,-0.006000000000000002
1755283892.773659,0.2689999999999999,-0.395999999999999,-0.010000000000000231,-0.026999999999999996,-0.013000000000000012,-0.0030000000000000027
1755283892.776175,-0.391,0.12400000000000055,0.3700000000000001,-0.013000000000000012,0.03300000000000003,-0.0030000000000000027
1755283892.7781978,0.04899999999999993,0.5240000000000009,0.10999999999999988,-0.008000000000000007,-0.0030000000000000027,-0.007000000000000003
1755283892.7800982,-0.2310000000000001,-0.07600000000000051,-0.3899999999999997,0.006000000000000005,-0.007000000000000006,-0.0030000000000000027
1755283892.7815094,0.08899999999999997,0.14400000000000013,-0.8700000000000001,0.006000000000000005,-0.017000000000000015,0.009
1755283892.7826731,0.7489999999999999,0.9239999999999995,-0.11000000000000032,0.02099999999999999,-0.017000000000000015,0.0019999999999999983
1755283892.7837484,0.028999999999999915,0.0039999999999995595,-0.8500000000000005,0.0030000000000000027,-0.028000000000000025,0.003999999999999998
1755283892.7847145,0.44899999999999995,0.2840000000000007,-0.29000000000000004,0.00799999999999998,0.0010000000000000009,0.007999999999999998
1755283892.7855554,-0.351,-0.2560000000000002,-0.010000000000000231,-0.009000000000000008,-0.02200000000000002,-0.028
1755283892.7924926,-0.03100000000000014,-1.0559999999999992,0.009999999999999787,-0.018000000000000016,0.0040000000000000036,0.004999999999999999
1755283892.7939734,0.569,-0.4759999999999991,-0.20999999999999996,-0.008000000000000007,-0.0020000000000000018,0.011999999999999999
1755283892.795279,-0.5510000000000002,0.5839999999999996,0.04999999999999982,-0.014000000000000012,0.0020000000000000018,0.0009999999999999974
1755283892.8087506,0.06899999999999995,-0.2159999999999993,1.0699999999999998,-0.006000000000000005,0.025000000000000022,-0.005000000000000001
1755283892.812361,0.589,-0.37599999999999945,0.06999999999999984,-0.02100000000000002,-0.008000000000000007,0.0019999999999999983
1755283892.8166406,0.129,0.5440000000000005,-0.71,0.028999999999999998,-0.025000000000000022,-0.009000000000000001
1755283892.8247588,-0.31100000000000017,-0.016000000000000014,0.10999999999999988,0.013999999999999985,0.030000000000000027,-0.013000000000000001
1755283892.82818,0.589,-0.05599999999999916,-0.9699999999999998,0.006000000000000005,-0.041999999999999926,0.006999999999999999
1755283892.830924,0.8889999999999999,0.2840000000000007,-0.4900000000000002,0.01999999999999999,-0.038999999999999924,0.0009999999999999974
1755283892.8709197,-0.21100000000000008,0.04400000000000048,0.29000000000000004,-0.0040000000000000036,0.020000000000000018,0.002999999999999999
1755283892.875491,-0.611,-0.03599999999999959,0.81,0.017999999999999988,0.0030000000000000027,-0.016000000000000004
1755283892.8795872,0.30899999999999994,0.20400000000000063,0.18999999999999995,-0.016000000000000014,0.0,0.0
1755283892.8838456,-0.3310000000000002,-0.09600000000000009,0.3500000000000001,-0.013000000000000012,0.019000000000000017,-0.008
1755283892.8881602,-0.19100000000000006,-0.05599999999999916,0.1499999999999999,-0.025000000000000022,0.029000000000000026,-0.004
1755283892.891926,0.5089999999999999,0.20400000000000063,0.10999999999999988,0.010999999999999982,0.0,0.0019999999999999983
1755283892.89562,-0.131,0.5039999999999996,-0.1299999999999999,0.03,-0.0050000000000000044,0.005999999999999998
1755283892.89847,0.30899999999999994,-0.09600000000000009,-0.5099999999999998,0.01899999999999999,-0.018000000000000016,-0.004
1755283892.9010215,-0.01100000000000012,0.5240000000000009,-0.18999999999999995,0.021999999999999992,-0.020000000000000018,0.0009999999999999974
1755283892.9032013,0.008999999999999897,-0.395999999999999,0.33000000000000007,-0.01100000000000001,-0.018000000000000016,0.0019999999999999983
1755283892.9049735,-0.11099999999999999,0.4640000000000004,-0.71,0.01899999999999999,0.02100000000000002,-0.013000000000000001
1755283892.9065857,-0.371,-0.49600000000000044,-0.33000000000000007,-0.025999999999999995,-0.016000000000000014,0.006999999999999999
1755283892.9079802,-0.01100000000000012,-0.3160000000000007,0.1499999999999999,-0.01200000000000001,-0.01200000000000001,0.0019999999999999983
1755283892.9092128,-0.5510000000000002,-0.09600000000000009,0.3899999999999997,-0.017000000000000015,0.030000000000000027,0.007999999999999998
1755283892.9103491,0.6289999999999999,-0.37599999999999945,-0.8100000000000005,0.0020000000000000018,-0.04399999999999993,-0.008
1755283892.9114234,0.349,-0.41600000000000037,-0.7700000000000005,-0.0030000000000000027,-0.01200000000000001,-0.008
1755283892.9175894,-0.5310000000000001,0.02400000000000091,-0.07000000000000028,-0.01200000000000001,0.018000000000000016,0.009999999999999998
1755283892.9193752,-0.3310000000000002,-0.23600000000000065,0.31000000000000005,-0.010000000000000009,0.009000000000000008,0.004999999999999999
1755283892.9208324,-0.07100000000000017,0.14400000000000013,-0.6699999999999999,0.00799999999999998,0.0,0.009999999999999998
1755283892.9337058,-0.07100000000000017,0.1639999999999997,0.29000000000000004,0.017999999999999988,0.006000000000000005,0.003999999999999998
1755283892.936478,0.008999999999999897,-0.2159999999999993,-0.9500000000000002,-0.014000000000000012,-0.013000000000000012,0.004999999999999999
1755283892.9387443,0.08899999999999997,-0.07600000000000051,0.29000000000000004,-0.010000000000000009,0.020000000000000018,0.009999999999999998
1755283892.9495273,0.08899999999999997,-0.11599999999999966,0.27,-0.013000000000000012,-0.01100000000000001,0.0009999999999999974
1755283892.9502342,-0.03100000000000014,0.20400000000000063,0.22999999999999998,-0.018000000000000016,-0.020000000000000018,0.006999999999999999
1755283892.9508321,-0.07100000000000017,0.5839999999999996,0.6099999999999999,0.0040000000000000036,0.031000000000000028,-0.007000000000000003
1755283892.9959,-0.17100000000000004,0.20400000000000063,-0.3899999999999997,-0.01200000000000001,-0.014000000000000012,0.009999999999999998
1755283893.0002391,-0.5110000000000001,0.484,0.44999999999999973,0.006000000000000005,0.03300000000000003,-0.02
1755283893.0039604,0.44899999999999995,0.26399999999999935,-0.27,0.013999999999999985,-0.013000000000000012,0.015
1755283893.0077863,-0.17100000000000004,0.24399999999999977,-0.010000000000000231,0.0,0.006000000000000005,0.003999999999999998
1755283893.0113945,-0.4710000000000001,0.08399999999999963,-0.11000000000000032,-0.0030000000000000027,0.015000000000000013,0.011999999999999999
1755283893.0149133,-0.01100000000000012,0.30400000000000027,-0.25,0.021999999999999992,-0.0040000000000000036,-0.004
1755283893.018149,0.14900000000000002,0.24399999999999977,-0.25,0.00799999999999998,-0.026000000000000023,0.011999999999999999
1755283893.0221446,-0.051000000000000156,0.12400000000000055,0.25,-0.009000000000000008,0.0030000000000000027,0.005999999999999998
1755283893.025059,-0.03100000000000014,-0.43599999999999994,0.5899999999999999,-0.014000000000000012,0.0010000000000000009,-0.005000000000000001
1755283893.0286174,-0.07100000000000017,0.2840000000000007,0.25,-0.01100000000000001,0.01100000000000001,-0.007000000000000003
1755283893.0294995,-0.371,-0.7159999999999993,-0.3899999999999997,-0.009000000000000008,-0.0030000000000000027,0.009
1755283893.0319035,-0.03100000000000014,-0.016000000000000014,-0.0900000000000003,-0.01100000000000001,0.0040000000000000036,0.009
1755283893.0346646,0.5089999999999999,0.0039999999999995595,-0.6900000000000004,0.009999999999999981,-0.006000000000000005,0.004999999999999999
1755283893.0369952,0.589,-0.03599999999999959,-0.7300000000000004,0.0069999999999999785,-0.02100000000000002,0.006999999999999999
1755283893.0391154,0.10899999999999999,0.26399999999999935,-0.1499999999999999,-0.01200000000000001,0.01100000000000001,-0.010000000000000002
1755283893.0411966,-0.11099999999999999,0.36400000000000077,0.029999999999999805,0.011999999999999983,0.008000000000000007,-0.0010000000000000009
1755283893.0435462,0.06899999999999995,-0.19599999999999973,-0.11000000000000032,-0.008000000000000007,-0.02200000000000002,0.0019999999999999983
1755283893.045487,-0.2310000000000001,-0.3160000000000007,1.0299999999999998,-0.008000000000000007,0.029000000000000026,-0.007000000000000003
1755283893.047315,-0.651,-0.17600000000000016,-0.27,-0.014000000000000012,0.013000000000000012,0.0019999999999999983
1755283893.0596523,-0.09099999999999997,0.2240000000000002,0.71,-0.02100000000000002,0.006000000000000005,-0.015000000000000003
1755283893.0621514,-0.19100000000000006,0.484,-0.6299999999999999,-0.007000000000000006,0.013000000000000012,-0.009000000000000001
1755283893.064429,0.14900000000000002,0.6240000000000006,-0.6699999999999999,0.01899999999999999,-0.030999999999999917,0.005999999999999998
1755283893.105767,-0.4910000000000001,0.2840000000000007,0.5099999999999998,0.0010000000000000009,0.03500000000000003,-0.009000000000000001
1755283893.1096768,-0.611,-0.2759999999999998,-0.18999999999999995,-0.006000000000000005,0.009000000000000008,0.0019999999999999983
1755283893.112905,-0.07100000000000017,0.32399999999999984,0.3500000000000001,0.01999999999999999,-0.02200000000000002,0.0
1755283893.1160345,0.08899999999999997,-0.19599999999999973,0.3899999999999997,-0.016000000000000014,-0.0030000000000000027,-0.0020000000000000018
1755283893.1193569,-0.591,-1.6159999999999997,0.71,-0.025999999999999995,0.03700000000000003,-0.021
1755283893.122648,-0.5510000000000002,-0.07600000000000051,-0.03000000000000025,-0.025999999999999995,0.028000000000000025,0.012999999999999998
1755283893.1248755,-0.31100000000000017,-0.2560000000000002,0.6699999999999999,-0.017000000000000015,0.020000000000000018,-0.006000000000000002
1755283893.1267898,0.16899999999999982,0.6639999999999997,0.5899999999999999,-0.006000000000000005,-0.01100000000000001,0.005999999999999998
1755283893.1283717,-0.391,0.36400000000000077,0.3500000000000001,0.009999999999999981,0.010000000000000009,0.0
1755283893.1298656,0.16899999999999982,-0.3160000000000007,-0.1499999999999999,-0.0020000000000000018,0.0050000000000000044,0.003999999999999998
1755283893.131331,0.7489999999999999,0.20400000000000063,-0.5899999999999999,0.010999999999999982,-0.03699999999999992,-0.009000000000000001
1755283893.132732,1.049,0.1639999999999997,0.06999999999999984,0.011999999999999983,-0.03699999999999992,-0.008
1755283893.1343083,-0.3310000000000002,-0.17600000000000016,-0.6900000000000004,0.013999999999999985,0.0010000000000000009,0.0019999999999999983
1755283893.1375313,0.10899999999999999,-0.17600000000000016,-0.18999999999999995,-0.0020000000000000018,-0.029999999999999916,0.005999999999999998
1755283893.1390913,-1.031,0.04400000000000048,0.029999999999999805,0.00799999999999998,0.029000000000000026,-0.0030000000000000027
1755283893.140542,0.30899999999999994,-0.6159999999999997,0.3700000000000001,-0.018000000000000016,-0.006000000000000005,0.0
1755283893.1537104,-0.15100000000000002,0.30400000000000027,0.6299999999999999,-0.0040000000000000036,0.0010000000000000009,-0.0020000000000000018
1755283893.1564777,-0.051000000000000156,0.5640000000000001,-0.4900000000000002,-0.0030000000000000027,0.014000000000000012,0.002999999999999999
1755283893.1587448,0.469,0.30400000000000027,0.71,0.012999999999999984,-0.015000000000000013,-0.005000000000000001
1755283893.1696267,-0.27100000000000013,0.18399999999999928,-0.1299999999999999,-0.016000000000000014,0.0020000000000000018,0.016999999999999998
1755283893.172361,0.3889999999999999,0.10400000000000098,0.18999999999999995,0.0020000000000000018,0.007000000000000006,-0.008
1755283893.1748965,0.129,0.06400000000000006,-0.0900000000000003,0.00899999999999998,-0.02200000000000002,0.002999999999999999
1755283893.215817,0.829,0.24399999999999977,-1.0499999999999998,0.014999999999999986,-0.020000000000000018,0.0
1755283893.2199874,0.14900000000000002,-0.11599999999999966,0.1499999999999999,0.00799999999999998,-0.01200000000000001,-0.004
1755283893.2238436,0.10899999999999999,-0.2759999999999998,0.009999999999999787,0.0040000000000000036,-0.014000000000000012,-0.010000000000000002
1755283893.2275877,-0.131,-0.2159999999999993,0.5099999999999998,-0.013000000000000012,0.026000000000000023,-0.005000000000000001
1755283893.2326584,0.06899999999999995,0.12400000000000055,-0.050000000000000266,-0.015000000000000013,-0.02100000000000002,0.007999999999999998
1755283893.2340646,-0.15100000000000002,-0.4759999999999991,0.06999999999999984,0.013999999999999985,0.015000000000000013,-0.0030000000000000027
1755283893.2368627,0.028999999999999915,0.02400000000000091,-0.9299999999999997,0.013999999999999985,0.0040000000000000036,0.0019999999999999983
1755283893.240642,0.6689999999999999,-0.19599999999999973,-0.11000000000000032,-0.0020000000000000018,-0.01100000000000001,-0.008
1755283893.244582,0.689,-0.016000000000000014,-0.4900000000000002,0.024999999999999994,-0.02300000000000002,-0.008
1755283893.2479937,-0.11099999999999999,0.3439999999999994,-0.4500000000000002,0.0020000000000000018,-0.0020000000000000018,0.0
1755283893.25141,-0.27100000000000013,-0.07600000000000051,0.06999999999999984,0.006000000000000005,0.0020000000000000018,-0.005000000000000001
1755283893.2542593,-0.351,-0.05599999999999916,-0.20999999999999996,-0.0020000000000000018,0.015000000000000013,0.0009999999999999974
1755283893.2566497,0.028999999999999915,0.1639999999999997,-0.11000000000000032,0.013999999999999985,0.009000000000000008,0.009
1755283893.2588794,-0.371,-0.6159999999999997,-0.010000000000000231,-0.02200000000000002,-0.0030000000000000027,0.005999999999999998
1755283893.2608087,0.3689999999999999,0.1639999999999997,0.3899999999999997,0.0040000000000000036,0.0010000000000000009,-0.005000000000000001
1755283893.2625523,-0.01100000000000012,0.30400000000000027,0.3700000000000001,-0.006000000000000005,-0.013000000000000012,0.003999999999999998
1755283893.2641954,-0.09099999999999997,-0.09600000000000009,0.5699999999999998,-0.0010000000000000009,0.02400000000000002,0.009
1755283893.2659335,-0.131,0.1639999999999997,0.25,-0.0050000000000000044,0.0010000000000000009,0.0009999999999999974
1755283893.2673616,0.08899999999999997,0.5440000000000005,-0.07000000000000028,0.026999999999999996,-0.0040000000000000036,0.006999999999999999
1755283893.279759,-0.45100000000000007,0.4640000000000004,0.3500000000000001,0.015999999999999986,0.03200000000000003,0.013999999999999999
1755283893.283385,0.129,0.04400000000000048,-0.07000000000000028,0.0050000000000000044,-0.015000000000000013,0.002999999999999999
1755283893.2865307,0.5489999999999999,-0.41600000000000037,-0.3500000000000001,-0.007000000000000006,-0.009000000000000008,-0.012
1755283893.3259246,0.349,0.26399999999999935,0.04999999999999982,0.0020000000000000018,-0.0050000000000000044,0.009
1755283893.330144,0.349,-0.35599999999999987,0.4099999999999997,-0.008000000000000007,-0.015000000000000013,-0.012
1755283893.3339071,0.008999999999999897,0.44400000000000084,-0.46999999999999975,0.009999999999999981,0.0,0.009999999999999998
1755283893.3376493,-0.5510000000000002,-0.9559999999999995,0.5099999999999998,-0.01200000000000001,0.008000000000000007,0.009999999999999998
1755283893.3415196,0.6289999999999999,-0.03599999999999959,-0.41000000000000014,-0.0020000000000000018,-0.03299999999999992,0.006999999999999999
1755283893.3455434,-0.131,0.9640000000000004,0.5099999999999998,0.022999999999999993,0.03300000000000003,-0.009000000000000001
1755283893.3492963,0.3889999999999999,-0.13599999999999923,-0.5499999999999998,0.0069999999999999785,-0.02200000000000002,-0.0030000000000000027
1755283893.3526847,0.6489999999999999,0.44400000000000084,-0.8899999999999997,0.0069999999999999785,-0.041999999999999926,0.009999999999999998
1755283893.3561165,0.04899999999999993,0.32399999999999984,0.31000000000000005,0.027999999999999997,0.006000000000000005,-0.013000000000000001
1755283893.3587008,-0.371,-0.09600000000000009,-0.4900000000000002,-0.020000000000000018,-0.020000000000000018,-0.006000000000000002
1755283893.3608909,-0.11099999999999999,0.4239999999999995,0.75,0.013999999999999985,0.014000000000000012,-0.013000000000000001
1755283893.3628895,0.028999999999999915,-0.7360000000000007,-0.03000000000000025,-0.025000000000000022,0.007000000000000006,0.009
1755283893.364764,0.129,-0.2959999999999994,-0.4500000000000002,-0.015000000000000013,-0.02300000000000002,0.0019999999999999983
1755283893.3664794,-0.051000000000000156,-0.5760000000000005,-0.0900000000000003,-0.01100000000000001,0.02100000000000002,0.0
1755283893.368092,-0.351,0.10400000000000098,-0.25,0.00799999999999998,-0.018000000000000016,-0.004
1755283893.369559,0.42899999999999994,0.26399999999999935,-0.75,0.011999999999999983,-0.051999999999999935,0.0009999999999999974
1755283893.3736804,-0.03100000000000014,-0.07600000000000051,-0.6900000000000004,-0.017000000000000015,0.0010000000000000009,0.009
1755283893.3754735,0.589,0.06400000000000006,-0.5099999999999998,0.037000000000000005,-0.03599999999999992,-0.021
1755283893.377072,-0.27100000000000013,-0.13599999999999923,-0.20999999999999996,-0.0030000000000000027,0.018000000000000016,0.009999999999999998
1755283893.404945,-0.2310000000000001,-0.7360000000000007,0.1499999999999999,-0.010000000000000009,0.0030000000000000027,-0.0010000000000000009
1755283893.4096518,-0.45100000000000007,-0.2959999999999994,-0.03000000000000025,-0.01200000000000001,0.013000000000000012,0.0019999999999999983
1755283893.4140382,0.129,0.06400000000000006,0.5099999999999998,0.0,0.01200000000000001,-0.0020000000000000018
1755283893.417883,0.129,-0.03599999999999959,0.06999999999999984,-0.02100000000000002,-0.02100000000000002,0.003999999999999998
1755283893.421842,0.6089999999999999,0.44400000000000084,-0.010000000000000231,-0.0030000000000000027,-0.016000000000000014,0.0009999999999999974
1755283893.4256635,-0.09099999999999997,0.02400000000000091,-0.03000000000000025,0.021999999999999992,0.010000000000000009,-0.021
1755283893.4507854,0.14900000000000002,0.24399999999999977,0.1499999999999999,-0.0020000000000000018,-0.0050000000000000044,-0.010000000000000002
1755283893.4551332,-0.2510000000000001,0.30400000000000027,-0.010000000000000231,0.014999999999999986,0.0040000000000000036,0.012999999999999998
1755283893.4589775,-0.351,-0.05599999999999916,-0.5700000000000003,0.0,-0.007000000000000006,0.011999999999999999
1755283893.4628997,-0.17100000000000004,-0.03599999999999959,0.27,0.0040000000000000036,0.016000000000000014,0.009999999999999998
1755283893.4664896,0.2689999999999999,-0.13599999999999923,-0.46999999999999975,-0.016000000000000014,-0.015000000000000013,0.019999999999999997
1755283893.471246,0.7289999999999999,-0.7159999999999993,-0.46999999999999975,-0.016000000000000014,-0.03199999999999992,0.011999999999999999
1755283893.4750977,-0.45100000000000007,0.08399999999999963,0.20999999999999996,0.0069999999999999785,0.02400000000000002,0.004999999999999999
1755283893.4788024,-0.2510000000000001,0.08399999999999963,0.31000000000000005,-0.008000000000000007,0.02300000000000002,0.0019999999999999983
1755283893.482799,-0.17100000000000004,0.26399999999999935,0.4299999999999997,0.010999999999999982,-0.02100000000000002,-0.004
1755283893.486465,0.008999999999999897,-0.4759999999999991,-0.46999999999999975,-0.020000000000000018,0.0010000000000000009,-0.0010000000000000009
1755283893.4897785,-0.01100000000000012,0.26399999999999935,-0.050000000000000266,0.0050000000000000044,0.01200000000000001,-0.011000000000000003
1755283893.4924655,-0.21100000000000008,-0.03599999999999959,-0.41000000000000014,-0.010000000000000009,-0.017000000000000015,0.002999999999999999
1755283893.4943817,0.008999999999999897,0.2240000000000002,-0.3899999999999997,0.0020000000000000018,0.0040000000000000036,-0.011000000000000003
1755283893.4959254,0.2889999999999999,-0.41600000000000037,-0.010000000000000231,0.0020000000000000018,-0.01100000000000001,0.005999999999999998
1755283893.4971676,0.10899999999999999,-0.6159999999999997,-0.6900000000000004,-0.017000000000000015,-0.025000000000000022,0.015
1755283893.4981313,-0.03100000000000014,-0.2159999999999993,0.3899999999999997,-0.009000000000000008,0.0040000000000000036,-0.009000000000000001
1755283893.4990222,-0.41100000000000003,-0.6959999999999997,0.31000000000000005,-0.017000000000000015,0.02200000000000002,0.011999999999999999
1755283893.499758,-0.2310000000000001,0.02400000000000091,0.4299999999999997,0.0040000000000000036,0.03300000000000003,-0.018
1755283893.5003989,-0.371,-0.09600000000000009,0.4299999999999997,-0.032,0.02300000000000002,-0.014000000000000002
1755283893.5298352,0.08899999999999997,0.32399999999999984,-0.050000000000000266,0.011999999999999983,0.0040000000000000036,-0.0030000000000000027
1755283893.53391,-0.07100000000000017,0.10400000000000098,-0.29000000000000004,-0.0010000000000000009,0.014000000000000012,0.009999999999999998
1755283893.5378706,-0.19100000000000006,0.0039999999999995595,-0.1499999999999999,0.0030000000000000027,-0.0010000000000000009,0.007999999999999998
1755283893.541707,0.18899999999999983,0.4640000000000004,-0.07000000000000028,0.022999999999999993,0.0010000000000000009,0.003999999999999998
1755283893.5455902,0.9689999999999999,-0.3360000000000003,-0.75,0.009999999999999981,-0.009000000000000008,-0.009000000000000001
1755283893.5493965,0.3889999999999999,-0.43599999999999994,-0.4299999999999997,-0.0020000000000000018,-0.020000000000000018,-0.0010000000000000009
1755283893.5758083,-0.4710000000000001,0.08399999999999963,-0.07000000000000028,-0.0010000000000000009,0.018000000000000016,-0.0010000000000000009
1755283893.5802875,0.129,0.18399999999999928,0.33000000000000007,-0.0020000000000000018,0.008000000000000007,0.0019999999999999983
1755283893.5840144,-0.631,0.5640000000000001,0.44999999999999973,-0.02300000000000002,0.015000000000000013,0.004999999999999999
1755283893.58773,0.2689999999999999,0.3439999999999994,0.4299999999999997,-0.006000000000000005,0.017000000000000015,-0.0030000000000000027
1755283893.591325,0.44899999999999995,-0.05599999999999916,-0.46999999999999975,0.0069999999999999785,-0.020000000000000018,-0.006000000000000002
1755283893.5948882,-0.131,-0.2159999999999993,-0.29000000000000004,-0.01100000000000001,0.010000000000000009,0.011
1755283893.5983706,-0.09099999999999997,-0.15600000000000058,0.4099999999999997,0.009999999999999981,0.015000000000000013,-0.012
1755283893.601766,0.3889999999999999,0.5240000000000009,-0.31000000000000005,0.011999999999999983,-0.03299999999999992,0.0019999999999999983
1755283893.604432,0.14900000000000002,-0.17600000000000016,-0.18999999999999995,0.0050000000000000044,-0.020000000000000018,-0.004
1755283893.6064548,0.06899999999999995,0.4640000000000004,-0.4299999999999997,-0.0020000000000000018,-0.01200000000000001,0.0019999999999999983
1755283893.6081972,0.3689999999999999,0.38400000000000034,0.77,0.017999999999999988,-0.0050000000000000044,-0.010000000000000002
1755283893.6097581,0.06899999999999995,-0.11599999999999966,-0.03000000000000025,-0.009000000000000008,0.0030000000000000027,0.003999999999999998
1755283893.6112165,-0.09099999999999997,-0.05599999999999916,0.5699999999999998,-0.0010000000000000009,-0.0040000000000000036,0.002999999999999999
1755283893.612516,0.2889999999999999,-0.5760000000000005,0.6099999999999999,-0.025999999999999995,-0.017000000000000015,-0.0020000000000000018
1755283893.6137276,0.349,0.10400000000000098,-0.1299999999999999,-0.0040000000000000036,-0.007000000000000006,-0.0010000000000000009
1755283893.6147907,-0.371,0.0039999999999995595,0.29000000000000004,0.0069999999999999785,0.0,-0.004
1755283893.623657,-0.09099999999999997,-0.17600000000000016,-0.0900000000000003,-0.015000000000000013,0.02200000000000002,-0.0010000000000000009
1755283893.6257687,0.2689999999999999,0.06400000000000006,-0.27,0.010999999999999982,-0.0040000000000000036,0.006999999999999999
1755283893.62796,-0.391,0.02400000000000091,0.10999999999999988,-0.0020000000000000018,-0.013000000000000012,-0.005000000000000001
1755283893.6549633,0.14900000000000002,-0.37599999999999945,0.4099999999999997,-0.008000000000000007,0.02200000000000002,0.005999999999999998
1755283893.6591299,0.18899999999999983,-0.2159999999999993,-0.0900000000000003,-0.0050000000000000044,-0.017000000000000015,0.007999999999999998
1755283893.6632035,-0.17100000000000004,0.02400000000000091,0.4299999999999997,-0.007000000000000006,0.016000000000000014,-0.005000000000000001
1755283893.667445,-0.131,0.7639999999999993,0.06999999999999984,-0.0010000000000000009,0.013000000000000012,-0.007000000000000003
1755283893.6717155,0.08899999999999997,-0.2560000000000002,0.1299999999999999,-0.015000000000000013,-0.025000000000000022,0.0009999999999999974
1755283893.6754675,1.109,-0.41600000000000037,-0.29000000000000004,-0.01100000000000001,-0.019000000000000017,0.004999999999999999
1755283893.7009685,-0.051000000000000156,0.2840000000000007,-0.010000000000000231,0.014999999999999986,0.013000000000000012,-0.0010000000000000009
1755283893.7052507,0.6489999999999999,0.3439999999999994,-0.25,0.024999999999999994,-0.02400000000000002,-0.008
1755283893.7094922,-0.4910000000000001,0.3439999999999994,-0.0900000000000003,-0.007000000000000006,0.015000000000000013,-0.0020000000000000018
1755283893.713508,0.06899999999999995,0.12400000000000055,0.25,0.00899999999999998,-0.0040000000000000036,-0.008
1755283893.7173853,-0.19100000000000006,-0.15600000000000058,-0.1299999999999999,0.006000000000000005,-0.0010000000000000009,0.002999999999999999
1755283893.7213154,-0.651,-0.15600000000000058,1.0299999999999998,0.009999999999999981,0.038000000000000034,-0.008
1755283893.7255256,0.008999999999999897,0.02400000000000091,0.5499999999999998,-0.008000000000000007,-0.009000000000000008,0.0
1755283893.7292652,-0.651,0.18399999999999928,0.3899999999999997,-0.0020000000000000018,0.028000000000000025,-0.004
1755283893.7331915,-0.31100000000000017,-0.2759999999999998,0.04999999999999982,-0.01200000000000001,0.016000000000000014,-0.0010000000000000009
1755283893.7367697,-0.27100000000000013,-0.4559999999999995,-0.16999999999999993,-0.009000000000000008,0.01100000000000001,-0.005000000000000001
1755283893.7395792,0.5089999999999999,0.7040000000000006,-0.18999999999999995,0.025999999999999995,0.018000000000000016,-0.006000000000000002
1755283893.7419727,0.8089999999999999,0.12400000000000055,-0.20999999999999996,0.006000000000000005,-0.03199999999999992,0.0009999999999999974
1755283893.7445383,-0.01100000000000012,0.04400000000000048,-0.07000000000000028,0.016999999999999987,0.0030000000000000027,0.005999999999999998
1755283893.7474267,-0.45100000000000007,0.08399999999999963,-0.16999999999999993,0.00799999999999998,0.031000000000000028,0.0009999999999999974
1755283893.750322,0.6689999999999999,-0.5760000000000005,-0.07000000000000028,-0.0030000000000000027,-0.03599999999999992,0.016999999999999998
1755283893.753388,-0.351,0.5039999999999996,0.029999999999999805,0.015999999999999986,0.0050000000000000044,-0.004
1755283893.756452,-0.21100000000000008,0.36400000000000077,0.16999999999999993,-0.015000000000000013,0.017000000000000015,0.016
1755283893.7594092,0.469,-0.8160000000000007,0.1499999999999999,-0.02200000000000002,-0.017000000000000015,0.011
1755283893.762152,0.16899999999999982,0.14400000000000013,0.22999999999999998,-0.03,0.010000000000000009,0.003999999999999998
1755283893.779776,0.008999999999999897,-0.016000000000000014,0.3500000000000001,-0.017000000000000015,0.0040000000000000036,-0.010000000000000002
1755283893.7831297,0.469,-0.05599999999999916,-0.41000000000000014,-0.006000000000000005,-0.019000000000000017,0.019
1755283893.7863793,0.08899999999999997,0.30400000000000027,0.31000000000000005,0.033,0.01200000000000001,0.005999999999999998
1755283893.7896569,0.10899999999999999,0.14400000000000013,-0.18999999999999995,0.017999999999999988,-0.03499999999999992,-0.0030000000000000027
1755283893.7928967,-0.07100000000000017,0.24399999999999977,-0.18999999999999995,0.021999999999999992,0.0040000000000000036,0.002999999999999999
1755283893.7960465,0.44899999999999995,-0.2159999999999993,0.1299999999999999,0.0040000000000000036,0.0,0.009999999999999998
1755283893.8259292,0.4889999999999999,-0.8559999999999999,-0.5700000000000003,-0.019000000000000017,-0.05399999999999994,0.020999999999999998
1755283893.830014,0.16899999999999982,0.04400000000000048,0.4099999999999997,0.02099999999999999,0.018000000000000016,-0.009000000000000001
1755283893.8334208,1.169,0.4039999999999999,0.3700000000000001,-0.010000000000000009,-0.03499999999999992,-0.0030000000000000027
1755283893.836422,-0.2310000000000001,0.26399999999999935,0.10999999999999988,0.006000000000000005,0.01100000000000001,-0.0010000000000000009
1755283893.8392658,-0.29100000000000015,0.20400000000000063,-0.9299999999999997,0.0,0.02200000000000002,0.0
1755283893.8414505,-0.19100000000000006,0.06400000000000006,-0.16999999999999993,0.00899999999999998,-0.017000000000000015,0.007999999999999998
1755283893.8438647,-0.09099999999999997,-0.05599999999999916,0.029999999999999805,0.006000000000000005,0.031000000000000028,-0.0010000000000000009
1755283893.8470507,-0.07100000000000017,0.02400000000000091,-0.5700000000000003,0.0030000000000000027,-0.027000000000000024,0.013999999999999999
1755283893.8512802,-0.41100000000000003,-0.6359999999999992,0.5899999999999999,0.00799999999999998,0.0050000000000000044,0.003999999999999998
1755283893.8544767,0.008999999999999897,0.18399999999999928,-0.18999999999999995,0.006000000000000005,-0.0010000000000000009,0.011999999999999999
1755283893.8553298,-0.09099999999999997,0.36400000000000077,0.73,0.014999999999999986,0.02200000000000002,-0.010000000000000002
1755283893.857967,-0.5710000000000002,0.36400000000000077,-0.4900000000000002,-0.007000000000000006,0.0040000000000000036,-0.006000000000000002
1755283893.8606486,0.4889999999999999,0.38400000000000034,-0.22999999999999998,-0.015000000000000013,-0.0030000000000000027,-0.022000000000000002
1755283893.8628147,-0.11099999999999999,-0.2759999999999998,0.33000000000000007,-0.016000000000000014,0.0020000000000000018,0.009999999999999998
1755283893.8644571,0.129,0.04400000000000048,-0.25,-0.0040000000000000036,0.01100000000000001,-0.0030000000000000027
1755283893.8659322,0.10899999999999999,-0.17600000000000016,-0.5300000000000002,0.022999999999999993,0.007000000000000006,-0.0010000000000000009
1755283893.8738418,-0.09099999999999997,0.38400000000000034,-0.22999999999999998,0.0020000000000000018,-0.009000000000000008,0.0019999999999999983
1755283893.876052,0.008999999999999897,0.14400000000000013,-0.11000000000000032,0.013999999999999985,-0.0030000000000000027,-0.0030000000000000027
1755283893.8779268,-0.19100000000000006,-0.13599999999999923,-1.0099999999999998,-0.0030000000000000027,0.0010000000000000009,0.011999999999999999
1755283893.904927,-0.4910000000000001,0.18399999999999928,-0.11000000000000032,0.016999999999999987,0.0040000000000000036,-0.0020000000000000018
1755283893.9088411,-0.21100000000000008,0.2240000000000002,-0.31000000000000005,-0.014000000000000012,0.013000000000000012,-0.0010000000000000009
1755283893.9124763,0.6289999999999999,-0.5559999999999992,-0.22999999999999998,-0.02400000000000002,-0.03199999999999992,0.005999999999999998
1755283893.9157193,-0.45100000000000007,-0.15600000000000058,0.10999999999999988,-0.007000000000000006,0.019000000000000017,0.005999999999999998
1755283893.9184716,-0.2510000000000001,-0.07600000000000051,-0.16999999999999993,-0.010000000000000009,-0.0050000000000000044,-0.0010000000000000009
1755283893.9209802,-0.41100000000000003,0.2840000000000007,0.3899999999999997,-0.0020000000000000018,-0.0030000000000000027,-0.010000000000000002
1755283893.9507809,-0.21100000000000008,-0.09600000000000009,0.08999999999999986,-0.02100000000000002,0.03400000000000003,0.002999999999999999
1755283893.954333,0.6089999999999999,0.8239999999999998,0.06999999999999984,0.031,0.0050000000000000044,0.0009999999999999974
1755283893.9579427,0.6489999999999999,-0.35599999999999987,0.20999999999999996,-0.0050000000000000044,-0.03399999999999992,0.005999999999999998
1755283893.9618793,0.14900000000000002,0.24399999999999977,-0.03000000000000025,0.027999999999999997,0.008000000000000007,0.0
1755283893.9656045,-0.03100000000000014,0.24399999999999977,-0.11000000000000032,0.015999999999999986,-0.0020000000000000018,0.009
1755283893.969095,-0.371,-0.895999999999999,-0.33000000000000007,-0.017000000000000015,-0.007000000000000006,-0.004
1755283893.9724317,-0.8510000000000002,-0.15600000000000058,0.48999999999999977,-0.025000000000000022,0.03600000000000003,-0.016000000000000004
1755283893.9757268,0.2889999999999999,0.2840000000000007,0.04999999999999982,-0.0030000000000000027,-0.010000000000000009,-0.010000000000000002
1755283893.979042,-0.21100000000000008,-0.2560000000000002,-0.29000000000000004,-0.013000000000000012,0.010000000000000009,-0.007000000000000003
1755283893.9828506,-0.15100000000000002,0.24399999999999977,-1.1900000000000004,-0.0030000000000000027,-0.015000000000000013,0.006999999999999999
1755283893.9865334,0.14900000000000002,0.6240000000000006,-0.22999999999999998,0.022999999999999993,0.0,-0.0030000000000000027
1755283893.9903357,0.06899999999999995,0.5440000000000005,-0.5899999999999999,0.01899999999999999,0.025000000000000022,0.007999999999999998
1755283893.9941807,-0.15100000000000002,0.14400000000000013,0.04999999999999982,0.009999999999999981,0.0020000000000000018,-0.0010000000000000009
1755283893.9976661,-0.19100000000000006,-0.35599999999999987,0.31000000000000005,-0.007000000000000006,-0.016000000000000014,0.012999999999999998
1755283894.0008295,-0.11099999999999999,-0.05599999999999916,0.46999999999999975,0.017999999999999988,0.025000000000000022,0.006999999999999999
1755283894.0034304,0.30899999999999994,-0.09600000000000009,0.77,0.022999999999999993,-0.008000000000000007,-0.007000000000000003
1755283894.0057006,-0.17100000000000004,0.484,0.25,-0.0050000000000000044,0.0040000000000000036,-0.0030000000000000027
1755283894.0083718,-0.7910000000000001,-0.49600000000000044,1.0699999999999998,-0.01200000000000001,0.040000000000000036,-0.013000000000000001
1755283894.0116756,-0.391,-0.17600000000000016,-0.4500000000000002,-0.007000000000000006,0.008000000000000007,0.020999999999999998
1755283894.029894,0.2889999999999999,0.12400000000000055,0.029999999999999805,0.011999999999999983,0.01200000000000001,-0.015000000000000003
1755283894.0340688,0.6289999999999999,-0.05599999999999916,-0.050000000000000266,-0.007000000000000006,-0.0040000000000000036,0.0009999999999999974
1755283894.0379677,0.22899999999999987,0.12400000000000055,-0.8100000000000005,0.01999999999999999,-0.0010000000000000009,0.0019999999999999983
1755283894.0416365,-0.2510000000000001,0.06400000000000006,-0.25,0.015999999999999986,0.009000000000000008,0.009
1755283894.044873,-0.21100000000000008,-0.49600000000000044,-0.41000000000000014,-0.0040000000000000036,-0.007000000000000006,0.011999999999999999
1755283894.0482645,0.028999999999999915,-0.516,0.10999999999999988,-0.01200000000000001,-0.008000000000000007,0.009
1755283894.0760624,-0.611,-0.23600000000000065,-0.11000000000000032,0.0030000000000000027,0.010000000000000009,-0.009000000000000001
1755283894.0804205,-0.09099999999999997,-0.17600000000000016,1.0299999999999998,-0.010000000000000009,0.02400000000000002,-0.010000000000000002
1755283894.083761,0.129,0.02400000000000091,-0.050000000000000266,-0.013000000000000012,-0.006000000000000005,-0.009000000000000001
1755283894.0865183,-0.07100000000000017,-0.23600000000000065,1.37,-0.010000000000000009,0.02300000000000002,-0.010000000000000002
1755283894.088445,0.2689999999999999,-0.15600000000000058,-1.0499999999999998,-0.0020000000000000018,-0.028999999999999915,0.002999999999999999
1755283894.0900447,-0.5310000000000001,0.484,-0.16999999999999993,0.014999999999999986,0.016000000000000014,0.005999999999999998
1755283894.0918095,-0.21100000000000008,0.0039999999999995595,0.29000000000000004,0.012999999999999984,0.0050000000000000044,-0.004
1755283894.0939727,-0.17100000000000004,-0.4559999999999995,-0.1499999999999999,-0.006000000000000005,0.010000000000000009,0.009
1755283894.0966513,0.22899999999999987,0.12400000000000055,0.3899999999999997,0.010999999999999982,-0.010000000000000009,-0.005000000000000001
1755283894.099276,0.2689999999999999,-0.2759999999999998,-0.4900000000000002,0.006000000000000005,-0.019000000000000017,0.007999999999999998
1755283894.1016603,-0.7310000000000001,-0.15600000000000058,0.33000000000000007,0.017999999999999988,0.038000000000000034,-0.008
1755283894.1038551,-0.31100000000000017,-0.8160000000000007,0.71,-0.034,0.0030000000000000027,0.013999999999999999
1755283894.1058753,-0.15100000000000002,-0.7159999999999993,-0.18999999999999995,-0.014000000000000012,0.007000000000000006,0.026
1755283894.1077456,0.04899999999999993,-0.05599999999999916,0.04999999999999982,-0.016000000000000014,0.0040000000000000036,0.002999999999999999
1755283894.109505,-0.31100000000000017,0.24399999999999977,0.5699999999999998,0.01999999999999999,0.009000000000000008,0.003999999999999998
1755283894.1112037,0.10899999999999999,-0.23600000000000065,-0.050000000000000266,-0.007000000000000006,-0.0020000000000000018,0.002999999999999999
1755283894.1239827,0.7889999999999999,0.8640000000000008,-0.3899999999999997,0.026999999999999996,-0.029999999999999916,0.020999999999999998
1755283894.127636,1.069,-0.5960000000000001,-0.29000000000000004,0.011999999999999983,-0.061999999999999944,-0.006000000000000002
1755283894.1307423,-0.11099999999999999,-0.05599999999999916,-1.0300000000000002,0.0,0.0050000000000000044,0.002999999999999999
1755283894.1548235,0.22899999999999987,-0.15600000000000058,-0.4900000000000002,0.006000000000000005,-0.01200000000000001,0.005999999999999998
1755283894.1570117,-0.7110000000000001,-0.7360000000000007,0.10999999999999988,-0.0020000000000000018,0.014000000000000012,-0.004
1755283894.1592836,-0.17100000000000004,-0.2759999999999998,0.33000000000000007,-0.019000000000000017,0.007000000000000006,0.013999999999999999
1755283894.1618652,-0.11099999999999999,-0.6959999999999997,0.71,-0.0050000000000000044,0.0050000000000000044,-0.014000000000000002
1755283894.1650348,-0.29100000000000015,0.04400000000000048,-0.16999999999999993,0.0010000000000000009,0.031000000000000028,0.005999999999999998
1755283894.1677089,-0.11099999999999999,0.38400000000000034,0.79,0.0040000000000000036,0.0030000000000000027,-0.004
1755283894.2010496,-0.31100000000000017,-0.016000000000000014,-0.5700000000000003,-0.008000000000000007,-0.006000000000000005,0.011
1755283894.2053406,0.2889999999999999,-0.17600000000000016,0.10999999999999988,0.00799999999999998,-0.0010000000000000009,0.013999999999999999
1755283894.20908,0.04899999999999993,-0.016000000000000014,-0.31000000000000005,0.0040000000000000036,-0.029999999999999916,0.011
1755283894.212545,0.10899999999999999,-0.13599999999999923,-0.5499999999999998,0.006000000000000005,-0.018000000000000016,-0.005000000000000001
1755283894.2159095,0.06899999999999995,-0.09600000000000009,-0.010000000000000231,-0.01100000000000001,0.0030000000000000027,0.0009999999999999974
1755283894.2189007,-0.01100000000000012,0.02400000000000091,0.27,-0.02200000000000002,-0.01200000000000001,-0.0010000000000000009
1755283894.2218046,-0.45100000000000007,-0.03599999999999959,0.25,-0.0030000000000000027,0.010000000000000009,0.0
1755283894.2246473,0.028999999999999915,-0.2560000000000002,0.5899999999999999,0.0030000000000000027,0.018000000000000016,-0.014000000000000002
1755283894.2275856,0.028999999999999915,-0.37599999999999945,0.10999999999999988,-0.009000000000000008,-0.006000000000000005,-0.006000000000000002
1755283894.2309742,-0.03100000000000014,0.38400000000000034,-0.16999999999999993,-0.014000000000000012,0.0040000000000000036,0.0
1755283894.2340055,0.9889999999999999,0.4239999999999995,-0.5099999999999998,0.027999999999999997,-0.050999999999999934,-0.005000000000000001
1755283894.23775,-0.4710000000000001,-0.03599999999999959,-0.3700000000000001,0.0040000000000000036,-0.0010000000000000009,0.011
1755283894.2400475,-0.11099999999999999,-0.09600000000000009,-0.25,-0.007000000000000006,0.014000000000000012,-0.008
1755283894.241889,0.2489999999999999,-0.2759999999999998,-0.050000000000000266,-0.0030000000000000027,-0.01200000000000001,-0.007000000000000003
1755283894.243518,0.30899999999999994,0.4239999999999995,-0.1499999999999999,0.012999999999999984,0.0030000000000000027,-0.009000000000000001
1755283894.2448788,-0.5310000000000001,-0.9359999999999999,-0.22999999999999998,-0.01200000000000001,0.006000000000000005,-0.015000000000000003
1755283894.2487216,0.42899999999999994,0.18399999999999928,0.029999999999999805,-0.007000000000000006,-0.02400000000000002,-0.015000000000000003
1755283894.2502348,0.08899999999999997,-0.2759999999999998,0.1499999999999999,0.00899999999999998,0.013000000000000012,-0.013000000000000001
1755283894.2520194,0.10899999999999999,-0.8759999999999994,-0.6500000000000004,-0.01100000000000001,-0.016000000000000014,-0.008
1755283894.2798777,0.2489999999999999,0.6240000000000006,-0.22999999999999998,0.00899999999999998,0.006000000000000005,0.0
1755283894.2819657,0.20899999999999985,-0.3160000000000007,-0.5499999999999998,0.0050000000000000044,-0.008000000000000007,0.009999999999999998
1755283894.283451,0.8889999999999999,-0.37599999999999945,-0.1499999999999999,0.00899999999999998,-0.04299999999999993,0.005999999999999998
1755283894.2846518,-0.01100000000000012,0.4039999999999999,-0.4299999999999997,0.009999999999999981,-0.013000000000000012,0.0009999999999999974
1755283894.2857442,-0.3310000000000002,0.18399999999999928,-0.5099999999999998,0.0030000000000000027,-0.006000000000000005,0.0019999999999999983
1755283894.2868118,0.6689999999999999,-0.395999999999999,-0.4299999999999997,0.011999999999999983,-0.020000000000000018,-0.004
1755283894.3259099,-0.591,-0.09600000000000009,-0.22999999999999998,0.0040000000000000036,0.01200000000000001,0.0009999999999999974
1755283894.3299203,0.5089999999999999,-0.2959999999999994,0.029999999999999805,0.00799999999999998,-0.01100000000000001,-0.0020000000000000018
1755283894.3334484,-0.051000000000000156,-0.11599999999999966,-0.1299999999999999,-0.016000000000000014,-0.016000000000000014,0.011
1755283894.3364751,-0.371,-0.11599999999999966,0.6299999999999999,-0.013000000000000012,0.02200000000000002,-0.008
1755283894.3393471,-0.27100000000000013,0.06400000000000006,-0.03000000000000025,0.0010000000000000009,-0.0020000000000000018,-0.0010000000000000009
1755283894.3425813,-0.19100000000000006,0.10400000000000098,0.06999999999999984,0.013999999999999985,0.029000000000000026,-0.016000000000000004
1755283894.3458846,0.22899999999999987,-0.49600000000000044,0.009999999999999787,0.0020000000000000018,0.007000000000000006,0.0009999999999999974
1755283894.3485487,0.2489999999999999,0.0039999999999995595,-0.27,-0.009000000000000008,-0.009000000000000008,0.004999999999999999
1755283894.3505504,0.2489999999999999,-0.37599999999999945,-0.5899999999999999,-0.0030000000000000027,-0.0040000000000000036,0.0
1755283894.352253,0.028999999999999915,-0.7159999999999993,-0.27,-0.032,-0.019000000000000017,0.023
1755283894.3536034,0.04899999999999993,-0.11599999999999966,0.18999999999999995,0.0040000000000000036,-0.018000000000000016,-0.016000000000000004
1755283894.3549016,-0.09099999999999997,0.36400000000000077,-0.010000000000000231,-0.010000000000000009,-0.0050000000000000044,-0.006000000000000002
1755283894.3567069,-0.051000000000000156,-0.35599999999999987,0.4299999999999997,-0.013000000000000012,-0.0010000000000000009,-0.006000000000000002
1755283894.3587773,-0.351,0.4039999999999999,0.009999999999999787,0.00899999999999998,0.0050000000000000044,0.003999999999999998
1755283894.3612351,0.30899999999999994,0.6839999999999993,0.5099999999999998,0.0040000000000000036,-0.019000000000000017,0.007999999999999998
1755283894.3639185,0.008999999999999897,0.4640000000000004,-0.0900000000000003,0.015999999999999986,0.010000000000000009,0.002999999999999999
1755283894.3737295,-0.2510000000000001,0.06400000000000006,-0.5899999999999999,0.009999999999999981,-0.0010000000000000009,0.011
1755283894.3759587,-0.17100000000000004,0.32399999999999984,0.16999999999999993,0.015999999999999986,0.0,0.002999999999999999
1755283894.3782697,-0.19100000000000006,0.44400000000000084,-0.5499999999999998,0.012999999999999984,-0.019000000000000017,-0.010000000000000002
1755283894.4048054,0.2689999999999999,-0.5760000000000005,-0.3899999999999997,-0.009000000000000008,0.007000000000000006,0.018
1755283894.408229,0.2689999999999999,-0.41600000000000037,0.1299999999999999,-0.013000000000000012,0.0030000000000000027,0.003999999999999998
1755283894.411673,-0.5110000000000001,-0.07600000000000051,-0.16999999999999993,-0.0050000000000000044,-0.007000000000000006,-0.007000000000000003
1755283894.414977,0.028999999999999915,0.18399999999999928,0.48999999999999977,-0.007000000000000006,-0.008000000000000007,-0.0030000000000000027
1755283894.418092,0.2689999999999999,0.1639999999999997,0.6299999999999999,-0.01200000000000001,-0.010000000000000009,0.003999999999999998
1755283894.4212096,0.6089999999999999,-0.37599999999999945,-0.010000000000000231,-0.0030000000000000027,-0.008000000000000007,-0.012
1755283894.4511135,0.14900000000000002,0.10400000000000098,-0.46999999999999975,-0.0050000000000000044,-0.010000000000000009,0.011999999999999999
1755283894.4551997,-0.051000000000000156,-0.23600000000000065,-0.6699999999999999,0.012999999999999984,-0.019000000000000017,0.005999999999999998
1755283894.4588852,-0.371,0.06400000000000006,-0.5899999999999999,0.0069999999999999785,0.018000000000000016,0.003999999999999998
1755283894.4625006,0.18899999999999983,0.32399999999999984,-0.18999999999999995,0.017999999999999988,-0.018000000000000016,-0.012
1755283894.4662888,-0.651,0.12400000000000055,-0.18999999999999995,0.02099999999999999,0.009000000000000008,-0.010000000000000002
1755283894.4701629,0.04899999999999993,-0.8559999999999999,-0.03000000000000025,-0.035,0.010000000000000009,0.028999999999999998
1755283894.4744835,0.04899999999999993,-0.4559999999999995,0.06999999999999984,-0.017000000000000015,-0.017000000000000015,-0.024999999999999998
1755283894.4790897,-0.5710000000000002,-0.395999999999999,0.009999999999999787,-0.02100000000000002,0.014000000000000012,0.016999999999999998
1755283894.481311,0.349,0.4239999999999995,-0.4500000000000002,0.0050000000000000044,-0.014000000000000012,-0.012
1755283894.483505,-0.01100000000000012,0.36400000000000077,0.22999999999999998,0.021999999999999992,0.014000000000000012,0.0009999999999999974
1755283894.4853039,0.008999999999999897,0.06400000000000006,-0.6699999999999999,0.015999999999999986,0.0050000000000000044,-0.010000000000000002
1755283894.4873524,0.008999999999999897,0.04400000000000048,-0.5700000000000003,0.0030000000000000027,-0.015000000000000013,0.007999999999999998
1755283894.4891365,0.42899999999999994,0.08399999999999963,-0.050000000000000266,0.022999999999999993,-0.027000000000000024,-0.005000000000000001
1755283894.4906723,-0.611,-0.016000000000000014,-0.6299999999999999,0.0020000000000000018,0.019000000000000017,-0.0030000000000000027
1755283894.4920325,0.2489999999999999,-0.43599999999999994,-0.6100000000000003,-0.0010000000000000009,-0.016000000000000014,-0.009000000000000001
1755283894.4931853,0.08899999999999997,-0.41600000000000037,0.22999999999999998,-0.007000000000000006,0.006000000000000005,-0.007000000000000003
1755283894.49867,-0.371,0.44400000000000084,-0.1499999999999999,-0.007000000000000006,0.0,-0.017000000000000005
1755283894.499611,-0.2310000000000001,-0.9759999999999991,-0.3899999999999997,0.0,0.01100000000000001,0.006999999999999999
1755283894.5006263,0.22899999999999987,-0.43599999999999994,0.4299999999999997,-0.02100000000000002,-0.0030000000000000027,0.005999999999999998
1755283894.5298765,0.20899999999999985,0.1639999999999997,0.009999999999999787,-0.006000000000000005,-0.0020000000000000018,-0.010000000000000002
1755283894.5334349,-0.03100000000000014,0.1639999999999997,-0.18999999999999995,0.016999999999999987,-0.008000000000000007,0.009
1755283894.5370202,-0.11099999999999999,-0.19599999999999973,-0.22999999999999998,-0.02200000000000002,-0.0040000000000000036,0.005999999999999998
1755283894.5405762,0.14900000000000002,0.18399999999999928,-0.16999999999999993,0.006000000000000005,-0.0050000000000000044,-0.004
1755283894.5440333,-0.31100000000000017,0.20400000000000063,-0.71,0.00899999999999998,-0.0040000000000000036,-0.0030000000000000027
1755283894.547359,0.8889999999999999,-0.8559999999999999,-0.18999999999999995,-0.006000000000000005,-0.02400000000000002,0.023
1755283894.5758188,0.44899999999999995,0.26399999999999935,0.5499999999999998,-0.0050000000000000044,-0.019000000000000017,0.003999999999999998
1755283894.579455,-0.671,0.04400000000000048,0.4099999999999997,-0.007000000000000006,0.03400000000000003,-0.0020000000000000018
1755283894.5830407,-0.09099999999999997,-0.13599999999999923,1.0099999999999998,-0.009000000000000008,0.01100000000000001,-0.008
1755283894.5869713,-0.17100000000000004,-0.5359999999999996,-0.33000000000000007,-0.019000000000000017,0.01200000000000001,-0.0020000000000000018
1755283894.5911403,0.04899999999999993,1.1240000000000006,0.5299999999999998,0.01899999999999999,0.02200000000000002,-0.015000000000000003
1755283894.5950866,0.2489999999999999,1.0440000000000005,0.1299999999999999,0.00799999999999998,-0.01200000000000001,0.004999999999999999
1755283894.5988781,-0.19100000000000006,0.26399999999999935,-0.3500000000000001,0.027999999999999997,0.015000000000000013,-0.0020000000000000018
1755283894.6026661,0.16899999999999982,-1.0359999999999996,-0.41000000000000014,-0.017000000000000015,-0.02300000000000002,-0.008
1755283894.6064372,0.589,-0.2159999999999993,-0.29000000000000004,-0.0010000000000000009,-0.03699999999999992,0.005999999999999998
1755283894.6101038,-1.3110000000000002,-0.13599999999999923,-0.3700000000000001,-0.006000000000000005,0.03400000000000003,0.015
1755283894.6138601,-0.29100000000000015,0.26399999999999935,0.04999999999999982,0.024999999999999994,0.0020000000000000018,-0.016000000000000004
1755283894.6177251,-0.03100000000000014,0.36400000000000077,-0.0900000000000003,-0.007000000000000006,0.014000000000000012,-0.004
1755283894.6207845,-0.29100000000000015,-1.2759999999999998,0.20999999999999996,-0.02100000000000002,0.018000000000000016,0.013999999999999999
1755283894.623468,-0.2510000000000001,-0.2560000000000002,0.3899999999999997,-0.009000000000000008,-0.0020000000000000018,0.013999999999999999
1755283894.6258397,0.30899999999999994,0.26399999999999935,0.5499999999999998,-0.015000000000000013,0.006000000000000005,0.003999999999999998
1755283894.628033,-0.371,-0.2159999999999993,0.4299999999999997,-0.01100000000000001,0.0050000000000000044,0.0009999999999999974
1755283894.6299956,-0.5510000000000002,0.1639999999999997,-0.5899999999999999,0.010999999999999982,0.009000000000000008,0.009999999999999998
1755283894.6317987,0.4089999999999999,-0.2159999999999993,-0.79,0.010999999999999982,-0.020000000000000018,-0.007000000000000003
1755283894.6334255,-0.2510000000000001,0.04400000000000048,-0.6699999999999999,0.009999999999999981,-0.010000000000000009,-0.0030000000000000027
1755283894.654989,-0.4710000000000001,-0.7759999999999998,0.029999999999999805,-0.018000000000000016,0.02100000000000002,0.0
1755283894.6589353,-0.5110000000000001,0.38400000000000034,0.22999999999999998,0.010999999999999982,0.008000000000000007,-0.007000000000000003
1755283894.6626647,-0.27100000000000013,-0.2560000000000002,-0.5099999999999998,-0.013000000000000012,-0.013000000000000012,0.0009999999999999974
1755283894.6663423,0.469,0.6440000000000001,-0.22999999999999998,-0.0030000000000000027,0.0030000000000000027,-0.0020000000000000018
1755283894.6696641,-0.03100000000000014,0.0039999999999995595,-0.050000000000000266,-0.0050000000000000044,-0.0020000000000000018,0.0
1755283894.6722968,0.32899999999999996,0.6240000000000006,0.029999999999999805,0.009999999999999981,0.008000000000000007,-0.012
1755283894.7011757,-0.131,0.18399999999999928,-0.07000000000000028,0.0040000000000000036,0.01200000000000001,0.0009999999999999974
1755283894.70561,0.008999999999999897,0.30400000000000027,-0.31000000000000005,0.013999999999999985,-0.010000000000000009,-0.008
1755283894.7095742,-0.17100000000000004,-0.2759999999999998,-0.7700000000000005,-0.01100000000000001,0.0050000000000000044,-0.0030000000000000027
1755283894.7133448,-0.4710000000000001,0.3439999999999994,0.5299999999999998,0.028999999999999998,0.027000000000000024,-0.0030000000000000027
1755283894.7170358,-0.371,-0.2759999999999998,-0.07000000000000028,0.00899999999999998,-0.017000000000000015,-0.011000000000000003
1755283894.7204432,-0.9709999999999999,-0.4559999999999995,0.08999999999999986,-0.010000000000000009,0.009000000000000008,-0.015000000000000003
1755283894.7233756,0.008999999999999897,-0.17600000000000016,-0.03000000000000025,-0.0020000000000000018,-0.006000000000000005,-0.005000000000000001
1755283894.7256312,0.08899999999999997,0.18399999999999928,0.33000000000000007,-0.006000000000000005,-0.0030000000000000027,0.006999999999999999
1755283894.727167,-0.03100000000000014,-0.2959999999999994,0.25,0.0020000000000000018,0.009000000000000008,-0.009000000000000001
1755283894.7289107,0.44899999999999995,-0.2159999999999993,-0.22999999999999998,-0.01200000000000001,-0.016000000000000014,0.002999999999999999
1755283894.7309349,0.6289999999999999,-0.2959999999999994,-0.25,-0.02300000000000002,-0.0030000000000000027,0.002999999999999999
1755283894.7334304,0.10899999999999999,-0.5559999999999992,-0.5700000000000003,-0.028999999999999998,-0.008000000000000007,0.018
1755283894.7363427,0.20899999999999985,-0.4759999999999991,-0.18999999999999995,-0.0050000000000000044,-0.01200000000000001,0.0009999999999999974
1755283894.73943,-0.391,0.32399999999999984,-0.22999999999999998,0.010999999999999982,0.01200000000000001,0.005999999999999998
1755283894.742229,0.16899999999999982,0.2840000000000007,-0.3899999999999997,-0.0020000000000000018,-0.02100000000000002,0.009
1755283894.744756,-0.41100000000000003,-0.13599999999999923,0.6299999999999999,0.0030000000000000027,0.0040000000000000036,0.003999999999999998
1755283894.7489305,-0.7110000000000001,0.5640000000000001,0.3899999999999997,0.0040000000000000036,0.03300000000000003,0.002999999999999999
1755283894.7512481,0.7889999999999999,-0.09600000000000009,0.18999999999999995,-0.014000000000000012,-0.02400000000000002,-0.005000000000000001
1755283894.7531993,-0.17100000000000004,0.4239999999999995,-0.22999999999999998,-0.007000000000000006,0.0020000000000000018,0.002999999999999999
1755283894.7801247,-0.15100000000000002,0.04400000000000048,-0.1499999999999999,-0.0030000000000000027,0.006000000000000005,-0.012
1755283894.7843168,0.349,-0.2159999999999993,0.08999999999999986,-0.017000000000000015,-0.02100000000000002,0.0009999999999999974
1755283894.7885408,0.14900000000000002,0.20400000000000063,-0.75,0.015999999999999986,-0.0050000000000000044,-0.0020000000000000018
1755283894.792895,0.3689999999999999,0.5240000000000009,-0.3700000000000001,0.012999999999999984,0.0010000000000000009,-0.009000000000000001
1755283894.7971206,-0.131,-0.11599999999999966,-0.3700000000000001,0.0020000000000000018,-0.03299999999999992,0.003999999999999998
1755283894.800958,-0.01100000000000012,0.20400000000000063,0.5299999999999998,0.011999999999999983,0.03300000000000003,-0.008
1755283894.826147,0.3889999999999999,-0.09600000000000009,-0.4299999999999997,0.014999999999999986,-0.010000000000000009,0.013999999999999999
1755283894.8305905,0.04899999999999993,0.2240000000000002,0.029999999999999805,-0.01100000000000001,0.0040000000000000036,0.0
1755283894.8346837,-0.07100000000000017,-0.6959999999999997,0.1499999999999999,-0.018000000000000016,0.01200000000000001,0.002999999999999999
1755283894.83881,0.04899999999999993,-0.37599999999999945,-0.1499999999999999,0.0050000000000000044,-0.01100000000000001,0.004999999999999999
1755283894.8426974,0.5289999999999999,-0.23600000000000065,-0.07000000000000028,-0.013000000000000012,-0.008000000000000007,0.0
1755283894.84584,0.22899999999999987,0.2840000000000007,-0.4500000000000002,0.0010000000000000009,-0.0040000000000000036,0.004999999999999999
1755283894.848677,0.9089999999999999,-0.15600000000000058,-0.6100000000000003,0.0050000000000000044,-0.03399999999999992,-0.006000000000000002
1755283894.8512118,0.3689999999999999,0.18399999999999928,-0.41000000000000014,0.00799999999999998,0.010000000000000009,-0.0010000000000000009
1755283894.8534718,0.4889999999999999,0.1639999999999997,-0.4500000000000002,0.014999999999999986,-0.028999999999999915,0.0009999999999999974
1755283894.8555138,-0.15100000000000002,0.2840000000000007,-0.11000000000000032,0.00799999999999998,0.006000000000000005,0.024999999999999998
1755283894.857362,-1.011,0.08399999999999963,0.029999999999999805,0.017999999999999988,0.01200000000000001,-0.02
1755283894.8589418,-0.2510000000000001,0.24399999999999977,-0.03000000000000025,0.0040000000000000036,-0.017000000000000015,0.002999999999999999
1755283894.8605225,-0.43100000000000005,-0.8559999999999999,-0.050000000000000266,-0.037000000000000005,0.010000000000000009,0.011999999999999999
1755283894.8620675,0.2889999999999999,0.20400000000000063,0.46999999999999975,0.0,-0.0020000000000000018,0.006999999999999999
1755283894.8634417,-0.051000000000000156,0.08399999999999963,0.29000000000000004,-0.01200000000000001,-0.030999999999999917,-0.010000000000000002
1755283894.8647723,0.349,0.6839999999999993,0.08999999999999986,0.027999999999999997,0.010000000000000009,-0.012
1755283894.8738909,0.129,0.0039999999999995595,0.22999999999999998,-0.007000000000000006,0.0040000000000000036,0.006999999999999999
1755283894.8767238,0.869,-0.35599999999999987,-0.4299999999999997,-0.006000000000000005,-0.026000000000000023,0.009
1755283894.879121,-0.07100000000000017,0.2840000000000007,-0.3899999999999997,0.0010000000000000009,0.017000000000000015,0.002999999999999999
1755283894.9050944,0.16899999999999982,-0.2759999999999998,0.25,-0.0050000000000000044,-0.006000000000000005,-0.0020000000000000018
1755283894.9088807,-0.21100000000000008,0.08399999999999963,0.1499999999999999,0.022999999999999993,0.038000000000000034,-0.014000000000000002
1755283894.9129045,-0.391,0.36400000000000077,-0.010000000000000231,-0.0030000000000000027,0.01100000000000001,-0.0020000000000000018
1755283894.916447,0.3889999999999999,-0.016000000000000014,0.6099999999999999,-0.0030000000000000027,0.006000000000000005,-0.013000000000000001
1755283894.9194887,-0.4710000000000001,0.26399999999999935,0.009999999999999787,-0.02300000000000002,0.016000000000000014,-0.009000000000000001
1755283894.9222562,0.4889999999999999,0.2840000000000007,0.08999999999999986,-0.0040000000000000036,-0.010000000000000009,-0.010000000000000002
1755283894.9510732,-0.371,-0.05599999999999916,-0.07000000000000028,-0.019000000000000017,0.0030000000000000027,0.011
1755283894.9554696,-0.11099999999999999,-0.2560000000000002,-0.79,0.00899999999999998,-0.014000000000000012,-0.0020000000000000018
1755283894.9595516,-0.07100000000000017,-0.2759999999999998,0.16999999999999993,-0.0050000000000000044,-0.0040000000000000036,0.009999999999999998
1755283894.9635947,0.08899999999999997,-0.2159999999999993,-0.71,0.015999999999999986,-0.009000000000000008,0.0019999999999999983
1755283894.9676409,0.30899999999999994,-0.15600000000000058,0.009999999999999787,0.0010000000000000009,-0.007000000000000006,0.005999999999999998
1755283894.9716768,-0.371,0.06400000000000006,-0.9500000000000002,-0.014000000000000012,-0.03399999999999992,-0.023000000000000003
1755283894.9751074,-0.591,-0.07600000000000051,0.5499999999999998,0.0,0.028000000000000025,0.0
1755283894.9781125,0.42899999999999994,-0.2959999999999994,0.18999999999999995,-0.02200000000000002,0.0030000000000000027,0.003999999999999998
1755283894.9809544,0.129,-0.19599999999999973,0.10999999999999988,0.0010000000000000009,0.01100000000000001,-0.0030000000000000027
1755283894.9833598,-0.8510000000000002,0.7840000000000007,-0.050000000000000266,0.00899999999999998,0.04700000000000004,-0.008
1755283894.9862456,0.7489999999999999,-0.05599999999999916,-0.5499999999999998,0.0020000000000000018,-0.03699999999999992,0.004999999999999999
1755283894.988444,0.04899999999999993,-0.9160000000000004,-0.5700000000000003,-0.01100000000000001,-0.007000000000000006,-0.009000000000000001
1755283894.9903767,0.008999999999999897,-0.016000000000000014,-0.25,0.00799999999999998,0.013000000000000012,-0.0030000000000000027
1755283894.992177,0.589,0.30400000000000027,0.029999999999999805,0.044999999999999984,-0.018000000000000016,-0.011000000000000003
1755283894.9938424,-0.07100000000000017,-0.09600000000000009,-1.13,-0.01200000000000001,-0.016000000000000014,0.018
1755283894.9952257,0.3889999999999999,-0.23600000000000065,0.029999999999999805,-0.0050000000000000044,-0.02200000000000002,0.015
1755283894.9988883,-0.8310000000000002,-0.15600000000000058,-0.6500000000000004,0.01899999999999999,0.010000000000000009,-0.008
1755283895.0005438,-0.131,0.0039999999999995595,0.31000000000000005,-0.035,0.018000000000000016,-0.0030000000000000027
1755283895.0021143,-0.29100000000000015,0.1639999999999997,-0.03000000000000025,-0.0050000000000000044,0.014000000000000012,-0.009000000000000001
1755283895.0301547,-0.2510000000000001,-0.07600000000000051,0.1499999999999999,-0.025999999999999995,-0.01200000000000001,0.003999999999999998
1755283895.0346527,0.16899999999999982,0.6639999999999997,-0.18999999999999995,0.036000000000000004,-0.007000000000000006,-0.006000000000000002
1755283895.0377805,0.08899999999999997,0.08399999999999963,0.18999999999999995,-0.017000000000000015,-0.0050000000000000044,-0.0010000000000000009
1755283895.0402212,0.129,0.18399999999999928,0.009999999999999787,0.00899999999999998,0.02100000000000002,-0.0020000000000000018
1755283895.042139,-0.351,0.02400000000000091,0.16999999999999993,0.006000000000000005,0.008000000000000007,0.002999999999999999
1755283895.0441127,0.6289999999999999,-0.37599999999999945,-0.6100000000000003,0.012999999999999984,-0.010000000000000009,0.0
1755283895.0759664,-0.27100000000000013,0.5039999999999996,-0.22999999999999998,0.0069999999999999785,0.010000000000000009,-0.0030000000000000027
1755283895.078341,0.08899999999999997,0.1639999999999997,1.0099999999999998,-0.0010000000000000009,0.0050000000000000044,0.011999999999999999
1755283895.0814831,-0.11099999999999999,-0.2759999999999998,0.29000000000000004,-0.015000000000000013,0.02300000000000002,0.007999999999999998
1755283895.0851498,-0.2310000000000001,-0.05599999999999916,0.5699999999999998,-0.007000000000000006,0.02400000000000002,-0.015000000000000003
1755283895.0892313,-0.31100000000000017,-0.3160000000000007,0.4099999999999997,-0.0030000000000000027,0.01200000000000001,-0.018
1755283895.093357,-0.03100000000000014,-0.23600000000000065,-0.6500000000000004,-0.02100000000000002,-0.018000000000000016,0.006999999999999999
1755283895.0969076,0.7689999999999999,0.30400000000000027,-0.6699999999999999,0.03,-0.03399999999999992,0.003999999999999998
1755283895.1016674,0.06899999999999995,0.24399999999999977,-0.5700000000000003,0.006000000000000005,-0.02400000000000002,0.002999999999999999
1755283895.1023808,-0.41100000000000003,0.06400000000000006,-0.8100000000000005,0.0069999999999999785,-0.01100000000000001,0.004999999999999999
1755283895.1030016,0.5089999999999999,-0.9359999999999999,-0.11000000000000032,-0.010000000000000009,0.006000000000000005,0.007999999999999998
1755283895.103482,-0.45100000000000007,0.5440000000000005,-0.7300000000000004,0.010999999999999982,0.0020000000000000018,0.0
1755283895.1039653,-0.131,0.10400000000000098,0.27,-0.02400000000000002,0.01100000000000001,-0.0030000000000000027
1755283895.104387,0.7289999999999999,-0.17600000000000016,-0.33000000000000007,-0.016000000000000014,-0.03799999999999992,0.011999999999999999
1755283895.1078675,0.04899999999999993,0.0039999999999995595,0.4099999999999997,0.012999999999999984,0.019000000000000017,-0.007000000000000003
1755283895.109938,-0.45100000000000007,0.02400000000000091,-0.3899999999999997,-0.019000000000000017,0.0010000000000000009,0.011999999999999999
1755283895.1118336,0.6689999999999999,0.06400000000000006,-0.22999999999999998,-0.0040000000000000036,-0.025000000000000022,0.019999999999999997
1755283895.1239786,0.2489999999999999,0.04400000000000048,-0.22999999999999998,0.00899999999999998,0.0040000000000000036,0.0019999999999999983
1755283895.1275349,0.569,0.2840000000000007,-0.11000000000000032,0.006000000000000005,-0.02100000000000002,0.0009999999999999974
1755283895.1313388,0.349,-0.09600000000000009,-0.6500000000000004,0.0069999999999999785,-0.017000000000000015,0.0019999999999999983
1755283895.155024,0.2889999999999999,0.6839999999999993,0.029999999999999805,0.023999999999999994,0.0020000000000000018,0.0
1755283895.1590738,0.2489999999999999,0.02400000000000091,0.6499999999999999,-0.0050000000000000044,0.0020000000000000018,0.009
1755283895.1621988,0.30899999999999994,-0.19599999999999973,-0.07000000000000028,-0.027999999999999997,-0.0010000000000000009,0.011
1755283895.165135,0.869,0.7240000000000002,-0.010000000000000231,0.0020000000000000018,-0.007000000000000006,0.005999999999999998
1755283895.1681592,0.08899999999999997,-0.05599999999999916,-0.010000000000000231,-0.008000000000000007,-0.02200000000000002,-0.014000000000000002
1755283895.1709077,0.08899999999999997,-0.19599999999999973,-0.07000000000000028,-0.025000000000000022,0.02400000000000002,-0.007000000000000003
1755283895.2011104,-0.351,0.484,0.4299999999999997,0.006000000000000005,-0.0050000000000000044,-0.010000000000000002
1755283895.2057264,-0.3310000000000002,-0.2159999999999993,-0.6699999999999999,-0.0030000000000000027,0.0030000000000000027,0.005999999999999998
1755283895.2100613,0.30899999999999994,0.1639999999999997,0.46999999999999975,0.006000000000000005,-0.006000000000000005,0.011
1755283895.2142177,0.14900000000000002,-0.23600000000000065,-0.4900000000000002,-0.007000000000000006,-0.02200000000000002,0.006999999999999999
1755283895.2182426,0.3689999999999999,0.484,-0.20999999999999996,0.011999999999999983,-0.0040000000000000036,-0.006000000000000002
1755283895.2220428,-0.29100000000000015,-0.2959999999999994,-0.5499999999999998,-0.013000000000000012,-0.0030000000000000027,-0.0020000000000000018
1755283895.2257197,0.349,-0.395999999999999,-0.07000000000000028,0.013999999999999985,-0.0050000000000000044,0.002999999999999999
1755283895.2291265,-0.03100000000000014,-0.43599999999999994,0.009999999999999787,-0.01100000000000001,0.009000000000000008,0.018
1755283895.2324882,0.10899999999999999,-0.15600000000000058,0.1299999999999999,-0.007000000000000006,-0.006000000000000005,-0.005000000000000001
1755283895.2355742,-0.391,-0.07600000000000051,-0.25,-0.01100000000000001,-0.007000000000000006,-0.004
1755283895.2383237,-0.5310000000000001,-0.3160000000000007,0.4299999999999997,-0.02300000000000002,0.050000000000000044,0.0019999999999999983
1755283895.24119,0.22899999999999987,0.5640000000000001,0.6299999999999999,0.013999999999999985,-0.008000000000000007,0.0019999999999999983
1755283895.2437549,0.16899999999999982,0.484,-0.3500000000000001,0.023999999999999994,0.0030000000000000027,0.0009999999999999974
1755283895.2460792,-0.5110000000000001,-0.7360000000000007,0.10999999999999988,-0.007000000000000006,0.008000000000000007,-0.011000000000000003
1755283895.248221,0.16899999999999982,-0.4559999999999995,-1.0300000000000002,-0.008000000000000007,-0.039999999999999925,0.012999999999999998
1755283895.250173,-0.03100000000000014,0.7439999999999998,0.10999999999999988,0.0040000000000000036,0.0,-0.008
1755283895.2518644,-0.611,-0.13599999999999923,-0.1299999999999999,-0.009000000000000008,0.01100000000000001,-0.0020000000000000018
1755283895.2534559,0.4889999999999999,0.32399999999999984,0.3899999999999997,0.009999999999999981,-0.03399999999999992,-0.010000000000000002
1755283895.2548873,-0.19100000000000006,-0.11599999999999966,0.6699999999999999,-0.007000000000000006,0.015000000000000013,0.003999999999999998
1755283895.2803183,0.3689999999999999,0.20400000000000063,0.5699999999999998,-0.025999999999999995,-0.020000000000000018,-0.005000000000000001
1755283895.285644,0.689,0.1639999999999997,0.16999999999999993,0.026999999999999996,-0.03499999999999992,-0.008
1755283895.2896903,-0.131,0.4039999999999999,-0.25,0.006000000000000005,0.016000000000000014,0.0019999999999999983
1755283895.2931945,-0.03100000000000014,0.44400000000000084,0.29000000000000004,0.027999999999999997,0.018000000000000016,-0.007000000000000003
1755283895.296116,-0.131,0.26399999999999935,-0.6699999999999999,0.00799999999999998,0.019000000000000017,-0.0030000000000000027
1755283895.2982004,-0.17100000000000004,0.04400000000000048,-0.31000000000000005,0.0020000000000000018,-0.01100000000000001,-0.0030000000000000027
1755283895.3261797,-0.29100000000000015,-0.516,0.48999999999999977,-0.0020000000000000018,0.0,0.0
1755283895.330772,0.008999999999999897,0.10400000000000098,-0.16999999999999993,-0.006000000000000005,0.01100000000000001,-0.0020000000000000018
1755283895.33475,-0.27100000000000013,-0.23600000000000065,0.9699999999999998,0.0,0.006000000000000005,0.0019999999999999983
1755283895.3383071,-0.3310000000000002,0.2840000000000007,0.77,-0.007000000000000006,0.03300000000000003,-0.0030000000000000027
1755283895.3416674,0.16899999999999982,0.12400000000000055,0.75,-0.0030000000000000027,0.01200000000000001,-0.012
1755283895.3450844,-0.131,0.1639999999999997,-0.4500000000000002,-0.02100000000000002,-0.020000000000000018,0.013999999999999999
1755283895.3483977,0.10899999999999999,-0.2560000000000002,0.44999999999999973,0.0069999999999999785,0.010000000000000009,-0.008
1755283895.351396,0.2489999999999999,0.3439999999999994,-0.7700000000000005,0.026999999999999996,-0.006000000000000005,0.011999999999999999
1755283895.3542287,0.10899999999999999,0.38400000000000034,-0.010000000000000231,0.01899999999999999,-0.019000000000000017,0.004999999999999999
1755283895.356533,-0.2310000000000001,0.484,-0.5300000000000002,0.0030000000000000027,-0.0020000000000000018,-0.009000000000000001
1755283895.358537,-0.4910000000000001,-0.395999999999999,0.29000000000000004,-0.020000000000000018,-0.007000000000000006,0.003999999999999998
1755283895.360442,-0.19100000000000006,0.4239999999999995,0.3700000000000001,0.01899999999999999,-0.0020000000000000018,-0.018
1755283895.3622022,-0.2510000000000001,-0.3160000000000007,-0.16999999999999993,-0.02300000000000002,0.016000000000000014,-0.017000000000000005
1755283895.364061,-0.31100000000000017,-0.05599999999999916,0.44999999999999973,-0.008000000000000007,-0.006000000000000005,-0.0020000000000000018
1755283895.3658075,0.18899999999999983,-0.07600000000000051,-0.5499999999999998,-0.015000000000000013,-0.01200000000000001,0.011999999999999999
1755283895.3676345,0.129,0.9440000000000008,-0.27,0.023999999999999994,0.013000000000000012,0.012999999999999998
1755283895.373896,0.14900000000000002,-0.03599999999999959,-0.050000000000000266,0.0020000000000000018,-0.009000000000000008,0.013999999999999999
1755283895.3764684,0.129,0.20400000000000063,-0.33000000000000007,0.028999999999999998,-0.0050000000000000044,-0.004
1755283895.3791099,0.869,-0.2560000000000002,-0.5099999999999998,0.017999999999999988,-0.04399999999999993,0.0019999999999999983
1755283895.4051566,-0.051000000000000156,-0.2759999999999998,0.04999999999999982,-0.0020000000000000018,-0.019000000000000017,0.006999999999999999
1755283895.4093118,-0.371,0.26399999999999935,0.06999999999999984,0.00899999999999998,0.0050000000000000044,-0.004
1755283895.4132245,-0.371,0.2240000000000002,-0.6900000000000004,-0.0010000000000000009,-0.028999999999999915,-0.006000000000000002
1755283895.4175043,-0.21100000000000008,0.20400000000000063,-0.11000000000000032,0.016999999999999987,-0.0010000000000000009,-0.005000000000000001
1755283895.4215734,-0.07100000000000017,-0.2159999999999993,-0.41000000000000014,-0.009000000000000008,-0.009000000000000008,0.009999999999999998
1755283895.4256852,0.4889999999999999,0.2240000000000002,0.31000000000000005,-0.0010000000000000009,0.0010000000000000009,-0.011000000000000003
1755283895.4511974,-0.051000000000000156,0.24399999999999977,-0.050000000000000266,0.010999999999999982,0.006000000000000005,0.0009999999999999974
1755283895.4549015,-0.131,-0.05599999999999916,-0.20999999999999996,0.0020000000000000018,-0.013000000000000012,0.004999999999999999
1755283895.4577594,0.06899999999999995,0.3439999999999994,0.20999999999999996,0.011999999999999983,0.008000000000000007,-0.004
1755283895.4603236,-0.15100000000000002,0.30400000000000027,-0.9900000000000002,0.0010000000000000009,0.0,0.009
1755283895.463247,-0.051000000000000156,-0.4759999999999991,-0.1499999999999999,0.0050000000000000044,-0.0050000000000000044,-0.0030000000000000027
1755283895.4665732,-0.4710000000000001,0.26399999999999935,0.4099999999999997,0.0030000000000000027,0.01200000000000001,0.009999999999999998
1755283895.4699154,0.2489999999999999,0.984,-0.20999999999999996,0.028999999999999998,-0.015000000000000013,0.007999999999999998
1755283895.473296,-0.5710000000000002,-0.8160000000000007,0.1299999999999999,-0.014000000000000012,0.017000000000000015,0.011999999999999999
1755283895.4765432,-0.07100000000000017,-0.2159999999999993,0.27,-0.02300000000000002,0.03300000000000003,-0.004
